Character,Power_Level,Saga_or_Movie,Dragon_Ball_Series
Goku,10,Emperor Pilaf Saga,Dragon Ball
Bulma,1.5,Emperor Pilaf Saga,Dragon Ball
Bear Thief,7,Emperor Pilaf Saga,Dragon Ball
Master Roshi,30,Emperor Pilaf Saga,Dragon Ball
Oolong,5,Emperor Pilaf Saga,Dragon Ball
Yamcha,8.5,Emperor Pilaf Saga,Dragon Ball
Puar,4,Emperor Pilaf Saga,Dragon Ball
Goku (hungry),8,Emperor Pilaf Saga,Dragon Ball
Ox-King,25,Emperor Pilaf Saga,Dragon Ball
Chi-chi,6,Emperor Pilaf Saga,Dragon Ball
Master Roshi (Max power),100,Emperor Pilaf Saga,Dragon Ball
Master Roshi's Max Power Kamehameha,180,Emperor Pilaf Saga,Dragon Ball
Goku's Kamehameha,12,Emperor Pilaf Saga,Dragon Ball
Great Ape Goku,100,Emperor Pilaf Saga,Dragon Ball
Goku,28,Tournament Saga,Dragon Ball
Master Roshi,40,Tournament Saga,Dragon Ball
Krillin,9,Tournament Saga,Dragon Ball
Launch (bad),7,Tournament Saga,Dragon Ball
Launch (good),4,Tournament Saga,Dragon Ball
Goku (Master Roshi's training),37,Tournament Saga,Dragon Ball
Krillin (Master Roshi's training),24,Tournament Saga,Dragon Ball
Jackie Chun,50,Tournament Saga,Dragon Ball
Yamcha,21,Tournament Saga,Dragon Ball
Bacterian,8,Tournament Saga,Dragon Ball
Nam,20,Tournament Saga,Dragon Ball
Ranfan,14,Tournament Saga,Dragon Ball
Giran,33,Tournament Saga,Dragon Ball
Goku (tail regrown),57,Tournament Saga,Dragon Ball
Great Aper Goku,570,Tournament Saga,Dragon Ball
Jackie Chun (Max power),250,Tournament Saga,Dragon Ball
Jackie Chun's Max power Kamehamha,330,Tournament Saga,Dragon Ball
Goku (weakened),24,Tournament Saga,Dragon Ball
Jackie Chun (weakened),45,Tournament Saga,Dragon Ball
Goku,66,Red Ribbon Army Saga,Dragon Ball
Colonel Silver,20,Red Ribbon Army Saga,Dragon Ball
Commander Red,5,Red Ribbon Army Saga,Dragon Ball
Major Metarillitron,55,Red Ribbon Army Saga,Dragon Ball
Goku's Kamehameha,90,Red Ribbon Army Saga,Dragon Ball
Ninja Murasaki,40,Red Ribbon Army Saga,Dragon Ball
Android 8,67,Red Ribbon Army Saga,Dragon Ball
Buyon,58,Red Ribbon Army Saga,Dragon Ball
General White,50,Red Ribbon Army Saga,Dragon Ball
General Blue,72,Red Ribbon Army Saga,Dragon Ball
Krillin,42,Red Ribbon Army Saga,Dragon Ball
Arale,35,Red Ribbon Army Saga,Dragon Ball
Captain Yellow,18,Red Ribbon Army Saga,Dragon Ball
Bora,34,Red Ribbon Army Saga,Dragon Ball
Mercenary Tao,110,Red Ribbon Army Saga,Dragon Ball
Goku's Kamehameha,90,Red Ribbon Army Saga,Dragon Ball
Mercenary Tao's Dodon Ray,115,Red Ribbon Army Saga,Dragon Ball
Korin,190,Red Ribbon Army Saga,Dragon Ball
Goku (Korin's training),95,Red Ribbon Army Saga,Dragon Ball
Yamcha,45,Red Ribbon Army Saga,Dragon Ball
Officer Black,30,Red Ribbon Army Saga,Dragon Ball
Goku,95,Fortune Teller Baba Saga,Dragon Ball
Krillin,65,Fortune Teller Baba Saga,Dragon Ball
Yamcha,45,Fortune Teller Baba Saga,Dragon Ball
Fangs the Vampire,22,Fortune Teller Baba Saga,Dragon Ball
Invisible Man,30,Fortune Teller Baba Saga,Dragon Ball
Bandages the Mummy,78,Fortune Teller Baba Saga,Dragon Ball
Spike the Devil Man,90,Fortune Teller Baba Saga,Dragon Ball
Grandpa Gohan,125,Fortune Teller Baba Saga,Dragon Ball
Master Shen,120,Tien Shinhan Saga,Dragon Ball
Master Roshi,139,Tien Shinhan Saga,Dragon Ball
King Chappa,76,Tien Shinhan Saga,Dragon Ball
Yamcha,126,Tien Shinhan Saga,Dragon Ball
"Tien (suppressed, fighting Yamcha)",140,Tien Shinhan Saga,Dragon Ball
Krillin,130,Tien Shinhan Saga,Dragon Ball
Chaoitzu,106,Tien Shinhan Saga,Dragon Ball
Pamput,71,Tien Shinhan Saga,Dragon Ball
"Jackie Chun (suppressed, fighting Tien)",139,Tien Shinhan Saga,Dragon Ball
"Tien (suppressed, fighting Jackie Chun)",140,Tien Shinhan Saga,Dragon Ball
Jackie Chun (50%),180,Tien Shinhan Saga,Dragon Ball
Tien (full power),180,Tien Shinhan Saga,Dragon Ball
Goku,180,Tien Shinhan Saga,Dragon Ball
Tien's Tri Beam,985,Tien Shinhan Saga,Dragon Ball
Tamborine,150,King Piccolo Saga,Dragon Ball
Master Mutaito,128,King Piccolo Saga,Dragon Ball
Goku (weakened),134,King Piccolo Saga,Dragon Ball
Yajirobe,140,King Piccolo Saga,Dragon Ball
Cymbal,115,King Piccolo Saga,Dragon Ball
Goku (full power),180,King Piccolo Saga,Dragon Ball
King Piccolo (old),220,King Piccolo Saga,Dragon Ball
Tien,180,King Piccolo Saga,Dragon Ball
Chiatzu,106,King Piccolo Saga,Dragon Ball
Master Roshi,139,King Piccolo Saga,Dragon Ball
"King Piccolo (young, suppressed)",240,King Piccolo Saga,Dragon Ball
Bora,74,King Piccolo Saga,Dragon Ball
Yajirobe (after climbing tower),145,King Piccolo Saga,Dragon Ball
Korin,190,King Piccolo Saga,Dragon Ball
Goku (Ultra Divine Water),260,King Piccolo Saga,Dragon Ball
Drum,210,King Piccolo Saga,Dragon Ball
"King Piccolo (full power, fighting Goku)",260,King Piccolo Saga,Dragon Ball
King Piccolo's Exlposive Demon Wave,380,King Piccolo Saga,Dragon Ball
King Piccolo (weakened),230,King Piccolo Saga,Dragon Ball
Goku (weakened),225,King Piccolo Saga,Dragon Ball
Goku's Penetrate!,320,King Piccolo Saga,Dragon Ball
Yamcha,126,King Piccolo Saga,Dragon Ball
Krillin,130,King Piccolo Saga,Dragon Ball
Mr. Popo,"1,030",King Piccolo Saga,Dragon Ball
Kami,220,King Piccolo Saga,Dragon Ball
Master Roshi,139,Piccolo Jr. Saga,Dragon Ball
Krillin,195,Piccolo Jr. Saga,Dragon Ball
Yamcha,162,Piccolo Jr. Saga,Dragon Ball
Tien,240,Piccolo Jr. Saga,Dragon Ball
Yajirobe,148,Piccolo Jr. Saga,Dragon Ball
Chiaotzu,137,Piccolo Jr. Saga,Dragon Ball
Cyborg Tao,210,Piccolo Jr. Saga,Dragon Ball
Piccolo (weighted),260,Piccolo Jr. Saga,Dragon Ball
Goku (weighted),265,Piccolo Jr. Saga,Dragon Ball
Chi-chi,130,Piccolo Jr. Saga,Dragon Ball
King Chappa,90,Piccolo Jr. Saga,Dragon Ball
Goku,331,Piccolo Jr. Saga,Dragon Ball
Piccolo,325,Piccolo Jr. Saga,Dragon Ball
Goku's Super Kamehameha,740,Piccolo Jr. Saga,Dragon Ball
Farmer (without shotgun),2,Saiyan Saga,Dragon Ball Z
Farmer (with shotgun),5,Saiyan Saga,Dragon Ball Z
Raditz,"1,200",Saiyan Saga,Dragon Ball Z
Gohan,1,Saiyan Saga,Dragon Ball Z
Piccolo (weighted),326,Saiyan Saga,Dragon Ball Z
Goku (weighted),334,Saiyan Saga,Dragon Ball Z
Krillin,206,Saiyan Saga,Dragon Ball Z
Bulma,1.5,Saiyan Saga,Dragon Ball Z
Roshi,139,Saiyan Saga,Dragon Ball Z
Gohan (angry),710,Saiyan Saga,Dragon Ball Z
Piccolo,408,Saiyan Saga,Dragon Ball Z
Goku,416,Saiyan Saga,Dragon Ball Z
Goku's Kamehameha,950,Saiyan Saga,Dragon Ball Z
Piccolo's Special Beam Cannon,"1,320",Saiyan Saga,Dragon Ball Z
Gohan (Angry),"1,307",Saiyan Saga,Dragon Ball Z
Raditz (weakened),490,Saiyan Saga,Dragon Ball Z
Piccolo's Special Beam Cannon,"1,420",Saiyan Saga,Dragon Ball Z
Tien,250,Saiyan Saga,Dragon Ball Z
Chiaotzu,145,Saiyan Saga,Dragon Ball Z
Yamcha,177,Saiyan Saga,Dragon Ball Z
Yajirobe,150,Saiyan Saga,Dragon Ball Z
Kami,220,Saiyan Saga,Dragon Ball Z
Mr. Popo,"1,090",Saiyan Saga,Dragon Ball Z
King Yema,"1,700",Saiyan Saga,Dragon Ball Z
King Kai,"3,500",Saiyan Saga,Dragon Ball Z
Nappa,"4,000",Saiyan Saga,Dragon Ball Z
Piccolo (suppressed),"1,400",Saiyan Saga,Dragon Ball Z
Gohan (suppressed),"1,083",Saiyan Saga,Dragon Ball Z
Krillin (suppressed),"1,100",Saiyan Saga,Dragon Ball Z
Tien,"1,830",Saiyan Saga,Dragon Ball Z
Chiaotzu,650,Saiyan Saga,Dragon Ball Z
Yamcha,"1,480",Saiyan Saga,Dragon Ball Z
Saibamen,"1,200",Saiyan Saga,Dragon Ball Z
Saibamen Explosion,"3,750",Saiyan Saga,Dragon Ball Z
Krillin (full power),"1,770",Saiyan Saga,Dragon Ball Z
Nappa (powered up),"4,500",Saiyan Saga,Dragon Ball Z
Piccolo (full power),"3,500",Saiyan Saga,Dragon Ball Z
Chiaotzu's Explosion,"3,800",Saiyan Saga,Dragon Ball Z
Tien's Spirit Tri Beam,"3,980",Saiyan Saga,Dragon Ball Z
Gohan (angry),"2,800",Saiyan Saga,Dragon Ball Z
Goku (suppressed),"5,000",Saiyan Saga,Dragon Ball Z
Nappa's Bomber DX,"5,680",Saiyan Saga,Dragon Ball Z
Goku,"8,200",Saiyan Saga,Dragon Ball Z
Nappa (full power),"7,500",Saiyan Saga,Dragon Ball Z
Goku (Kaio-ken),"12,300",Saiyan Saga,Dragon Ball Z
Vegeta (suppressed),"14,000",Saiyan Saga,Dragon Ball Z
Vegeta (full power),"18,000",Saiyan Saga,Dragon Ball Z
Goku (Kaio-ken x2),"16,400",Saiyan Saga,Dragon Ball Z
Goku (Kaio-ken x3),"24,600",Saiyan Saga,Dragon Ball Z
Yajirobe,910,Saiyan Saga,Dragon Ball Z
Vegeta's Galick Gun,"35,000",Saiyan Saga,Dragon Ball Z
Goku's Kamehameha x3,"36,000",Saiyan Saga,Dragon Ball Z
Goku (Kaio-ken x4),"32,800",Saiyan Saga,Dragon Ball Z
Goku's Kamehameha x4,"44,000",Saiyan Saga,Dragon Ball Z
Vegeta (weakened),"13,500",Saiyan Saga,Dragon Ball Z
Vegeta (Great Ape),"180,000",Saiyan Saga,Dragon Ball Z
Goku's Spirit Bomb,"400,000",Saiyan Saga,Dragon Ball Z
Goku (legs crushed),750,Saiyan Saga,Dragon Ball Z
Goku (badly injured),2,Saiyan Saga,Dragon Ball Z
Vegeta (weakened),"5,100",Saiyan Saga,Dragon Ball Z
Krillin (injured),845,Saiyan Saga,Dragon Ball Z
Gohan (fighting Vegeta),"2,800",Saiyan Saga,Dragon Ball Z
Krillin's Fusion Spirit Bomb,"4,800",Saiyan Saga,Dragon Ball Z
Vegeta (weakened),"1,900",Saiyan Saga,Dragon Ball Z
Krillin (weakened),600,Saiyan Saga,Dragon Ball Z
Gohan (weakened),420,Saiyan Saga,Dragon Ball Z
Gohan (Great Ape),"10,000",Saiyan Saga,Dragon Ball Z
Vegeta (badly injured),22,Saiyan Saga,Dragon Ball Z
Gohan,"2,000",Namek Saga,Dragon Ball Z
Krillin,"2,000",Namek Saga,Dragon Ball Z
Bulma,4,Namek Saga,Dragon Ball Z
Frieza (calm),"220,000",Namek Saga,Dragon Ball Z
Dodoria,"22,000",Namek Saga,Dragon Ball Z
Zarbon,"23,000",Namek Saga,Dragon Ball Z
Namekians,"1,000",Namek Saga,Dragon Ball Z
Namekian Warriors,"3,000",Namek Saga,Dragon Ball Z
Dende,3,Namek Saga,Dragon Ball Z
Cui,"18,000",Namek Saga,Dragon Ball Z
Vegeta (Zenkai),"24,000",Namek Saga,Dragon Ball Z
Goku (Zenkai),"12,000",Namek Saga,Dragon Ball Z
Krillin (potential unlocked),"13,000",Namek Saga,Dragon Ball Z
Zarbon (transformed),"28,500",Namek Saga,Dragon Ball Z
Appule,"5,000",Namek Saga,Dragon Ball Z
Vegeta (Zenkai),"30,000",Namek Saga,Dragon Ball Z
Gohan (potential unlocked),"14,000",Namek Saga,Dragon Ball Z
Nail (suppressed),"17,000",Namek Saga,Dragon Ball Z
Vegeta (suppressed),"23,000",Ginyu Force Saga,Dragon Ball Z
Krillin (suppressed),"8,500",Ginyu Force Saga,Dragon Ball Z
Gohan (suppressed),"8,500",Ginyu Force Saga,Dragon Ball Z
Guldo,"11,000",Ginyu Force Saga,Dragon Ball Z
Krillin,"13,000",Ginyu Force Saga,Dragon Ball Z
Gohan,"14,000",Ginyu Force Saga,Dragon Ball Z
Vegeta,"30,000",Ginyu Force Saga,Dragon Ball Z
Vegeta's Final Crash,"40,000",Ginyu Force Saga,Dragon Ball Z
Recoome,"45,000",Ginyu Force Saga,Dragon Ball Z
Recoome's Eraser Gun,"58,000",Ginyu Force Saga,Dragon Ball Z
Gohan (angry),"20,000",Ginyu Force Saga,Dragon Ball Z
Goku (suppressed),"5,000",Ginyu Force Saga,Dragon Ball Z
Goku,"90,000",Ginyu Force Saga,Dragon Ball Z
Burter,"45,000",Ginyu Force Saga,Dragon Ball Z
Jeice,"45,000",Ginyu Force Saga,Dragon Ball Z
Jeice's Crusher Ball,"56,000",Ginyu Force Saga,Dragon Ball Z
Ginyu (supressed),"65,000",Captain Ginyu Saga,Dragon Ball Z
Goku (supressed),"62,000",Captain Ginyu Saga,Dragon Ball Z
Ginyu (supressed),"87,000",Captain Ginyu Saga,Dragon Ball Z
Goku,"90,000",Captain Ginyu Saga,Dragon Ball Z
Goku (Kaio-ken x2),"180,000",Captain Ginyu Saga,Dragon Ball Z
Ginyu (full power),"120,000",Captain Ginyu Saga,Dragon Ball Z
Ginyu (in Goku's body),"23,000",Captain Ginyu Saga,Dragon Ball Z
Gohan (Zenkai),"19,000",Captain Ginyu Saga,Dragon Ball Z
Krillin,"18,000",Captain Ginyu Saga,Dragon Ball Z
Vegeta (Zenkai),"250,000",Captain Ginyu Saga,Dragon Ball Z
Goku (in Ginyu's body),"15,000",Captain Ginyu Saga,Dragon Ball Z
Goku (badly injured),200,Captain Ginyu Saga,Dragon Ball Z
Nail,"42,000",Captain Ginyu Saga,Dragon Ball Z
Frieza (calm),"220,000",Captain Ginyu Saga,Dragon Ball Z
Gohan,"80,000",Frieza Saga,Dragon Ball Z
Krillin,"75,000",Frieza Saga,Dragon Ball Z
Dende (potential unlocked),6,Frieza Saga,Dragon Ball Z
Vegeta (rested),"490,000",Frieza Saga,Dragon Ball Z
Frieza,"530,000",Frieza Saga,Dragon Ball Z
Tien,"85,000",Frieza Saga,Dragon Ball Z
Chiaotzu,"25,000",Frieza Saga,Dragon Ball Z
Yamcha,"68,000",Frieza Saga,Dragon Ball Z
Piccolo (weighted),"225,000",Frieza Saga,Dragon Ball Z
Piccolo,"300,000",Frieza Saga,Dragon Ball Z
"Piccolo (suppressed, after fusion with Nail)","800,000",Frieza Saga,Dragon Ball Z
2nd form Frieza (suppressed),"750,000",Frieza Saga,Dragon Ball Z
Gohan (angry),"700,000",Frieza Saga,Dragon Ball Z
Frieza (powered up),"800,000",Frieza Saga,Dragon Ball Z
Gohan (Zenkai),"200,000",Frieza Saga,Dragon Ball Z
Piccolo (fighting Frieza),"820,000",Frieza Saga,Dragon Ball Z
"Piccolo (powered up ,weighted)","900,000",Frieza Saga,Dragon Ball Z
2nd form Frieza (full power),"1,060,000",Frieza Saga,Dragon Ball Z
Piccolo (full power),"1,200,000",Frieza Saga,Dragon Ball Z
Frieza (3rd form),"2,120,000",Frieza Saga,Dragon Ball Z
Gohan (angry),"1,500,000",Frieza Saga,Dragon Ball Z
Gohan's attack on Frieza,"1,950,000",Frieza Saga,Dragon Ball Z
Frieza (final form),"3,000,000",Frieza Saga,Dragon Ball Z
Vegeta (Zenkai),"2,850,000",Frieza Saga,Dragon Ball Z
Vegeta's Final Burst Cannon,"3,000,000",Frieza Saga,Dragon Ball Z
Vegeta (weakened),"1,600,000",Frieza Saga,Dragon Ball Z
Goku (Zenkai),"1,500,000",Frieza Saga,Dragon Ball Z
"Frieza (10% power, no hands)","12,000,000",Frieza Saga,Dragon Ball Z
Goku (Kaio-ken x2),"3,000,000",Frieza Saga,Dragon Ball Z
Goku (Kaio-ken x 3),"4,500,000",Frieza Saga,Dragon Ball Z
Frieza (50% power),"60,000,000",Frieza Saga,Dragon Ball Z
Goku (Kaio-ken x10),"15,000,000",Frieza Saga,Dragon Ball Z
Goku (Kaio-ken x20),"30,000,000",Frieza Saga,Dragon Ball Z
Piccolo (Gohan and Krillin's energy),"1,475,000",Frieza Saga,Dragon Ball Z
Goku's Spirit Bomb,"55,000,000",Frieza Saga,Dragon Ball Z
Goku,"3,000,000",Frieza Saga,Dragon Ball Z
Goku (SSJ),"150,000,000",Frieza Saga,Dragon Ball Z
Gohan,"1,500,000",Frieza Saga,Dragon Ball Z
Frieza (70% power),"84,000,000",Frieza Saga,Dragon Ball Z
Frieza (100% power),"120,000,000",Frieza Saga,Dragon Ball Z
Freiza (weakening),"80,000,000",Frieza Saga,Dragon Ball Z
"Frieza (cut in half, with Goku's energy)","20,000,000",Frieza Saga,Dragon Ball Z
Frieza's attack,"62,000,000",Frieza Saga,Dragon Ball Z
Goku's Angry Kamehameha,"180,000,000",Frieza Saga,Dragon Ball Z
Gohan,"3,000,000",Trunks Saga,Dragon Ball Z
Krillin,"150,000",Trunks Saga,Dragon Ball Z
Yamcha,"136,000",Trunks Saga,Dragon Ball Z
Vegeta,"5,700,000",Trunks Saga,Dragon Ball Z
Tien,"170,000",Trunks Saga,Dragon Ball Z
Chiaotzu,"50,000",Trunks Saga,Dragon Ball Z
Piccolo,"2,400,000",Trunks Saga,Dragon Ball Z
Bulma,1.5,Trunks Saga,Dragon Ball Z
Mecha Frieza (50%),"60,750,000",Trunks Saga,Dragon Ball Z
King Cold,"290,000,000",Trunks Saga,Dragon Ball Z
Future Trunks (suppressed),5,Trunks Saga,Dragon Ball Z
Future Trunks,"6,000,000",Trunks Saga,Dragon Ball Z
Future Trunks (SSJ),"300,000,000",Trunks Saga,Dragon Ball Z
Mecha Freiza's Death Blaster,"123,000,000",Trunks Saga,Dragon Ball Z
Mecha Frieza (100%),"121,500,000",Trunks Saga,Dragon Ball Z
Mecha Frieza's Supernova,"200,000,000",Trunks Saga,Dragon Ball Z
Goku,"6,000,000",Trunks Saga,Dragon Ball Z
Goku (SSJ),"300,000,000",Trunks Saga,Dragon Ball Z
Future Android 18,"5,000,000,000",Trunks Saga,Dragon Ball Z
Future Android 17,"5,000,000,000",Trunks Saga,Dragon Ball Z
Gohan,"9,000,000",Android Saga,Dragon Ball Z
Goku,"18,000,000",Android Saga,Dragon Ball Z
Piccolo (weighted),"5,150,000",Android Saga,Dragon Ball Z
Krillin,"450,000",Android Saga,Dragon Ball Z
Yamcha,"408,000",Android Saga,Dragon Ball Z
Tien,"510,000",Android Saga,Dragon Ball Z
Yajirobe,"3,000",Android Saga,Dragon Ball Z
Android 20,"210,000,000",Android Saga,Dragon Ball Z
Android 19,"190,000,000",Android Saga,Dragon Ball Z
Android 20 (after absorbing Yamcha's energy),"280,000,000",Android Saga,Dragon Ball Z
Goku (SSJ),"900,000,000",Android Saga,Dragon Ball Z
"Goku (SSJ, heart disease)","587,500,000",Android Saga,Dragon Ball Z
"Goku (SSJ, heart disease)","243,750,000",Android Saga,Dragon Ball Z
Android 19 (Goku's kamehameha absorbed),"230,000,000",Android Saga,Dragon Ball Z
"Goku (SSJ, heart disease)","81,000,000",Android Saga,Dragon Ball Z
Vegeta,"17,100,000",Android Saga,Dragon Ball Z
Android 19 (Goku's energy absorbed),"300,000,000",Android Saga,Dragon Ball Z
Vegeta (SSJ),"855,000,000",Android Saga,Dragon Ball Z
Vegeta's Big Bang Attack,"1,000,000,000",Android Saga,Dragon Ball Z
Vegeta (weakened),"12,500,000",Android Saga,Dragon Ball Z
"Vegeta (SSJ, full power again)","855,000,000",Android Saga,Dragon Ball Z
Android 20 (Vegeta's attack absorbed),"310,000,000",Android Saga,Dragon Ball Z
Android 20 (Piccolo's energy absorbed),"350,000,000",Android Saga,Dragon Ball Z
Piccolo,"7,200,000",Android Saga,Dragon Ball Z
Piccolo (full power),"180,000,000",Android Saga,Dragon Ball Z
Android 18,"5,000,000,000",Android Saga,Dragon Ball Z
Android 17,"5,000,000,000",Android Saga,Dragon Ball Z
Future Trunks,"18,000,000",Android Saga,Dragon Ball Z
Future Trunks (SSJ),"900,000,000",Android Saga,Dragon Ball Z
Imperfect Cell,"450,000,000",Imperfect Cell Saga,Dragon Ball Z
"Piccolo (after merging with Kami, weighted)","6,350,000",Imperfect Cell Saga,Dragon Ball Z
Goku,"18,000,000",Imperfect Cell Saga,Dragon Ball Z
Goku (SSJ),"900,000,000",Imperfect Cell Saga,Dragon Ball Z
"Piccolo (full power, fighting Android 17)","720,000,000",Imperfect Cell Saga,Dragon Ball Z
Imperfect Cell (Maximum humans absorbed),"800,000,000",Imperfect Cell Saga,Dragon Ball Z
Piccolo's Light Grenade,"1,500,000,000",Imperfect Cell Saga,Dragon Ball Z
Android 16,"3,000,000,000",Imperfect Cell Saga,Dragon Ball Z
Semi-Perfect Cell (suppressed),"1,500,000,000",Perfect Cell Saga,Dragon Ball Z
Android 16 (weakened),"2,250,000,000",Perfect Cell Saga,Dragon Ball Z
Tien's Neo Tri Beam,"1,000,000",Perfect Cell Saga,Dragon Ball Z
Chiaotzu,"50,000",Perfect Cell Saga,Dragon Ball Z
Vegeta (post-HTC),"51,300,000",Perfect Cell Saga,Dragon Ball Z
Vegeta (SSJ),"2,565,000,000",Perfect Cell Saga,Dragon Ball Z
Future Trunks (post-HTC),"54,000,000",Perfect Cell Saga,Dragon Ball Z
Future Trunks (SSJ),"2,700,000,000",Perfect Cell Saga,Dragon Ball Z
Vegeta (ASSJ),"3,847,500,000",Perfect Cell Saga,Dragon Ball Z
Semi- Perfect Cell (full power),"2,000,000,000",Perfect Cell Saga,Dragon Ball Z
Trunks (ASSJ),"4,050,000,000",Perfect Cell Saga,Dragon Ball Z
Perfect Cell (suppressed),"5,000,000,000",Perfect Cell Saga,Dragon Ball Z
Perfect Cell (suppressed),"6,800,000,000",Perfect Cell Saga,Dragon Ball Z
Vegeta's Final Flash,"4,200,000,000",Perfect Cell Saga,Dragon Ball Z
Future Trunks (USSJ),"12,150,000,000",Perfect Cell Saga,Dragon Ball Z
Perfect Cell (suppressed),"10,000,000,000",Perfect Cell Saga,Dragon Ball Z
"Future Trunks (USSJ, Inexperienced Power Up)","16,200,000,000",Perfect Cell Saga,Dragon Ball Z
Power-weighted Cell,"112,500,000,000",Perfect Cell Saga,Dragon Ball Z
Goku,"18,000,000",Goku And Gohan in The Hyperbolic Time Chamber,Dragon Ball Z
Gohan,"9,000,000",Goku And Gohan in The Hyperbolic Time Chamber,Dragon Ball Z
Goku (SSJ),"900,000,000",Goku And Gohan in The Hyperbolic Time Chamber,Dragon Ball Z
Gohan (SSJ),"450,000,000",Goku And Gohan in The Hyperbolic Time Chamber,Dragon Ball Z
Goku,"180,000,000",Goku And Gohan in The Hyperbolic Time Chamber,Dragon Ball Z
Gohan (SSJ),"4,500,000,000",Goku And Gohan in The Hyperbolic Time Chamber,Dragon Ball Z
Gohan,"90,000,000",Goku And Gohan in The Hyperbolic Time Chamber,Dragon Ball Z
Goku (SSJ),"9,000,000,000",Goku And Gohan in The Hyperbolic Time Chamber,Dragon Ball Z
Goku (ASSJ),"13,500,000,000",Goku And Gohan in The Hyperbolic Time Chamber,Dragon Ball Z
Goku (USSJ),"40,500,000,000",Goku And Gohan in The Hyperbolic Time Chamber,Dragon Ball Z
Goku,"400,000,000",Goku And Gohan in The Hyperbolic Time Chamber,Dragon Ball Z
Gohan,"350,000,000",Goku And Gohan in The Hyperbolic Time Chamber,Dragon Ball Z
Goku (Post-HTC),"400,000,000",Cell Games Saga,Dragon Ball Z
Gohan (Post-HTC),"350,000,000",Cell Games Saga,Dragon Ball Z
Tien,"600,000",Cell Games Saga,Dragon Ball Z
Krillin,"500,000",Cell Games Saga,Dragon Ball Z
Yamcha,"480,000",Cell Games Saga,Dragon Ball Z
Piccolo,"144,000,000",Cell Games Saga,Dragon Ball Z
Future Trunks (2nd HTC),"108,000,000",Cell Games Saga,Dragon Ball Z
Vegeta (2nd HTC),"205,200,000",Cell Games Saga,Dragon Ball Z
Mr. Satan,7,Cell Games Saga,Dragon Ball Z
Android 16,"3,000,000,000",Cell Games Saga,Dragon Ball Z
"Goku (MSSJ, suppressed)","10,000,000,000",Cell Games Saga,Dragon Ball Z
Perfect Cell (suppressed),"15,000,000,000",Cell Games Saga,Dragon Ball Z
"Goku (MSSJ, full power)","20,000,000,000",Cell Games Saga,Dragon Ball Z
Perfect cell (suppressed),"22,500,000,000",Cell Games Saga,Dragon Ball Z
Goku's Instant Kamehameha,"28,750,000,000",Cell Games Saga,Dragon Ball Z
Goku (weakened),"12,250,000,000",Cell Games Saga,Dragon Ball Z
Cell (weakened),"13,500,000,000",Cell Games Saga,Dragon Ball Z
"Goku (MSSJ, weakened)","8,000,000,000",Cell Games Saga,Dragon Ball Z
Gohan (MSSJ),"17,500,000,000",Cell Games Saga,Dragon Ball Z
Perfect Cell (suppressed),"12,300,000,000",Cell Games Saga,Dragon Ball Z
"Gohan (MSSJ, holding back power)","15,200,000,000",Cell Games Saga,Dragon Ball Z
Cell Jrs,"15,000,000,000",Cell Games Saga,Dragon Ball Z
Piccolo (full power),"7,200,000,000",Cell Games Saga,Dragon Ball Z
Vegeta (SSJ),"10,260,000,000",Cell Games Saga,Dragon Ball Z
Future Trunks (SSJ),"5,400,000,000",Cell Games Saga,Dragon Ball Z
"Gohan (MSSJ, full power )","17,500,000,000",Cell Games Saga,Dragon Ball Z
Vegeta (ASSJ),"15,390,000,000",Cell Games Saga,Dragon Ball Z
Future Trunks (ASSJ),"8,100,000,000",Cell Games Saga,Dragon Ball Z
"Gohan (MSSJ, angry)","18,000,000,000",Cell Games Saga,Dragon Ball Z
Gohan (SSJ2),"36,000,000,000",Cell Games Saga,Dragon Ball Z
Perfect Cell (full power),"25,000,000,000",Cell Games Saga,Dragon Ball Z
Perfect Cell's Earth-Destroying Kamehameha,"30,200,000,000",Cell Games Saga,Dragon Ball Z
Gohan's Standing Kamehameha,"45,000,000,000",Cell Games Saga,Dragon Ball Z
Power-weighted Cell,"112,500,000,000",Cell Games Saga,Dragon Ball Z
Semi-Perfect Cell,"2,000,000,000",Cell Games Saga,Dragon Ball Z
Semi- Pefect Cell's Explosion,"100,000,000,000",Cell Games Saga,Dragon Ball Z
Super Perfect Cell,"50,000,000,000",Cell Games Saga,Dragon Ball Z
"Gohan (SSJ2, weakened)","30,000,000,000",Cell Games Saga,Dragon Ball Z
Super Perfect Cell's Solar Kamehameha,"80,000,000,000",Cell Games Saga,Dragon Ball Z
Gohan's Father-Son Kamehameha,"200,000,000,000",Cell Games Saga,Dragon Ball Z
Gohan,"360,000,000",Cell Games Saga,Dragon Ball Z
Future Android 17,"5,000,000,000",Cell Games Saga,Dragon Ball Z
Future Android 18,"5,000,000,000",Cell Games Saga,Dragon Ball Z
Future Trunks (SSJ),"5,400,000,000",Cell Games Saga,Dragon Ball Z
Future Imperfect Cell,"450,000,000",Cell Games Saga,Dragon Ball Z
Goku,"400,000,000",Great Saiyaman Saga/World Tournament Saga,Dragon Ball Z
Pikkon (weighted),"2,450,000,000",Great Saiyaman Saga/World Tournament Saga,Dragon Ball Z
Grand Kai,"100,000,000",Great Saiyaman Saga/World Tournament Saga,Dragon Ball Z
Recoome,"6,500,000",Great Saiyaman Saga/World Tournament Saga,Dragon Ball Z
Burter,"6,500,000",Great Saiyaman Saga/World Tournament Saga,Dragon Ball Z
Jeice,"6,500,000",Great Saiyaman Saga/World Tournament Saga,Dragon Ball Z
Guldo,"2,000,000",Great Saiyaman Saga/World Tournament Saga,Dragon Ball Z
Frieza,"124,500,000",Great Saiyaman Saga/World Tournament Saga,Dragon Ball Z
King Cold,"580,000,000",Great Saiyaman Saga/World Tournament Saga,Dragon Ball Z
Super Perfect Cell (suppressed),"6,500,000,000",Great Saiyaman Saga/World Tournament Saga,Dragon Ball Z
Pikkon (Burning Shoot),"28,500,000,000",Great Saiyaman Saga/World Tournament Saga,Dragon Ball Z
Caterpy,"5,000,000",Great Saiyaman Saga/World Tournament Saga,Dragon Ball Z
Arqua,"35,000,000",Great Saiyaman Saga/World Tournament Saga,Dragon Ball Z
Frouge,"70,000,000",Great Saiyaman Saga/World Tournament Saga,Dragon Ball Z
Maraikoh,"90,000,000",Great Saiyaman Saga/World Tournament Saga,Dragon Ball Z
Torbie,"150,000,000",Great Saiyaman Saga/World Tournament Saga,Dragon Ball Z
Tapkar,"6,000,000",Great Saiyaman Saga/World Tournament Saga,Dragon Ball Z
Olibu,"300,000,000",Great Saiyaman Saga/World Tournament Saga,Dragon Ball Z
King Kai,"3,500",Great Saiyaman Saga/World Tournament Saga,Dragon Ball Z
Goku (fighting Pikkon),"400,000,000",Great Saiyaman Saga/World Tournament Saga,Dragon Ball Z
Pikkon (suppressed),"500,000,000",Great Saiyaman Saga/World Tournament Saga,Dragon Ball Z
Goku (MSSJ),"20,000,000,000",Great Saiyaman Saga/World Tournament Saga,Dragon Ball Z
Pikkon (full power),"40,000,000,000",Great Saiyaman Saga/World Tournament Saga,Dragon Ball Z
Goku (Super Kaio-Ken),"40,000,000,000",Great Saiyaman Saga/World Tournament Saga,Dragon Ball Z
Pikkon's Thunder Flash,"45,200,000,000",Great Saiyaman Saga/World Tournament Saga,Dragon Ball Z
Gohan,"360,000,000",Great Saiyaman Saga/World Tournament Saga,Dragon Ball Z
Gohan (MSSJ),"18,000,000,000",Great Saiyaman Saga/World Tournament Saga,Dragon Ball Z
Videl,4,Great Saiyaman Saga/World Tournament Saga,Dragon Ball Z
Vegeta,"1,400,000,000",Great Saiyaman Saga/World Tournament Saga,Dragon Ball Z
Vegeta (MSSJ),"70,000,000,000",Great Saiyaman Saga/World Tournament Saga,Dragon Ball Z
Vegeta (SSJ2),"140,000,000,000",Great Saiyaman Saga/World Tournament Saga,Dragon Ball Z
Trunks,"10,000,000",Great Saiyaman Saga/World Tournament Saga,Dragon Ball Z
Trunks (SSJ),"500,000,000",Great Saiyaman Saga/World Tournament Saga,Dragon Ball Z
Goten,"9,800,000",Great Saiyaman Saga/World Tournament Saga,Dragon Ball Z
Goten (SSJ),"490,000,000",Great Saiyaman Saga/World Tournament Saga,Dragon Ball Z
Krillin,"1,000,000",Great Saiyaman Saga/World Tournament Saga,Dragon Ball Z
Android 18,"8,000,000,000",Great Saiyaman Saga/World Tournament Saga,Dragon Ball Z
Yamcha,"800,000",Great Saiyaman Saga/World Tournament Saga,Dragon Ball Z
Piccolo,"1,000,000,000",Great Saiyaman Saga/World Tournament Saga,Dragon Ball Z
Videl (after learning to use energy),5,Great Saiyaman Saga/World Tournament Saga,Dragon Ball Z
Mr. Satan,7,Great Saiyaman Saga/World Tournament Saga,Dragon Ball Z
Goku,"2,800,000,000",Great Saiyaman Saga/World Tournament Saga,Dragon Ball Z
Supreme Kai,"100,000,000,000",Great Saiyaman Saga/World Tournament Saga,Dragon Ball Z
Kibito,"20,000,000,000",Great Saiyaman Saga/World Tournament Saga,Dragon Ball Z
Gohan (SSJ2),"36,000,000,000",Great Saiyaman Saga/World Tournament Saga,Dragon Ball Z
Spopovich,150,Great Saiyaman Saga/World Tournament Saga,Dragon Ball Z
Yamu,140,Great Saiyaman Saga/World Tournament Saga,Dragon Ball Z
Babidi,20,Babidi Saga/Majin Buu Saga,Dragon Ball Z
Pui pui,"300,000,000",Babidi Saga/Majin Buu Saga,Dragon Ball Z
Vegeta (fighting Pui pui),"1,400,000,000",Babidi Saga/Majin Buu Saga,Dragon Ball Z
Yakon,"1,800,000,000",Babidi Saga/Majin Buu Saga,Dragon Ball Z
Goku (fighting Yakkon),"2,800,000,000",Babidi Saga/Majin Buu Saga,Dragon Ball Z
Goku (MSSJ),"140,000,000,000",Babidi Saga/Majin Buu Saga,Dragon Ball Z
Gohan (fighting Dabura),"360,000,000",Babidi Saga/Majin Buu Saga,Dragon Ball Z
Dabura (Suppressed),"300,000,000",Babidi Saga/Majin Buu Saga,Dragon Ball Z
Gohan (MSSJ),"18,000,000,000",Babidi Saga/Majin Buu Saga,Dragon Ball Z
Gohan (SSJ2),"36,000,000,000",Babidi Saga/Majin Buu Saga,Dragon Ball Z
Dabura (full power),"30,500,000,000",Babidi Saga/Majin Buu Saga,Dragon Ball Z
Goku (SSJ2),"280,000,000,000",Babidi Saga/Majin Buu Saga,Dragon Ball Z
Majin Vegeta (MSSJ),"140,000,000,000",Babidi Saga/Majin Buu Saga,Dragon Ball Z
Majin Vegeta (SSJ2),"280,000,000,000",Babidi Saga/Majin Buu Saga,Dragon Ball Z
Gohan's Electric Kamehameha,"47,100,000,000",Babidi Saga/Majin Buu Saga,Dragon Ball Z
Majin Buu,"350,000,000,000",Babidi Saga/Majin Buu Saga,Dragon Ball Z
Majin Vegeta's Final Explosion,"500,000,000,000",Babidi Saga/Majin Buu Saga,Dragon Ball Z
Goku (SSJ3),"1,120,000,000,000",Babidi Saga/Majin Buu Saga,Dragon Ball Z
Gotenks,"1,980,000,000",Fusion Saga,Dragon Ball Z
Gotenks (SSJ),"99,000,000",Fusion Saga,Dragon Ball Z
Good Buu,"350,000,000,000",Fusion Saga,Dragon Ball Z
Evil Buu,"350,000,000,000",Fusion Saga,Dragon Ball Z
Super Buu,"800,000,000,000",Fusion Saga,Dragon Ball Z
Piccolo,"1,000,000,000",Fusion Saga,Dragon Ball Z
Tien,"2,500,000",Fusion Saga,Dragon Ball Z
Chiaotzu,"100,000",Fusion Saga,Dragon Ball Z
Goten (post-HTC),"19,600,000",Fusion Saga,Dragon Ball Z
Goten (MSSJ),"980,000,000",Fusion Saga,Dragon Ball Z
Trunks (post-HTC),"20,000,000",Fusion Saga,Dragon Ball Z
Trunks (MSSJ),"1,000,000,000",Fusion Saga,Dragon Ball Z
Gotenks,"3,960,000,000",Fusion Saga,Dragon Ball Z
Gotenks (MSSJ),"198,000,000,000",Fusion Saga,Dragon Ball Z
Gotenks (SSJ2),"396,000,000,000",Fusion Saga,Dragon Ball Z
Gotenks (SSJ3),"1,584,000,000,000",Fusion Saga,Dragon Ball Z
Gohan (Zenkai),"510,000,000",Fusion Saga,Dragon Ball Z
Gohan (MSSJ),"25,500,000,000",Fusion Saga,Dragon Ball Z
Gohan (SSJ2),"51,000,000,000",Fusion Saga,Dragon Ball Z
Gohan (Training with Z sword),"750,000,000",Fusion Saga,Dragon Ball Z
Gohan (MSSJ),"37,500,000,000",Fusion Saga,Dragon Ball Z
Gohan (SSJ2),"75,000,000,000",Fusion Saga,Dragon Ball Z
Old Kai,"1,500,000",Fusion Saga,Dragon Ball Z
Gohan (Full Potential Unlocked),"40,000,000,000",Fusion Saga,Dragon Ball Z
Ultimate Gohan,"4,000,000,000,000",Fusion Saga,Dragon Ball Z
Piccolo (full power),"50,000,000,000",Fusion Saga,Dragon Ball Z
Super Buu (Gotenks and Piccolo absorbed),"1,048,000,000",Fusion Saga,Dragon Ball Z
Tien's Neo Tri-Beam,"8,000,000",Fusion Saga,Dragon Ball Z
Kibito Kai,"120,000,000,000",Fusion Saga,Dragon Ball Z
Goku,"2,800,000,000",Fusion Saga,Dragon Ball Z
Goku (SSJ3),"1,120,000,000,000",Fusion Saga,Dragon Ball Z
"Super Buu (Trunks, Goten and Piccolo absorbed)","850,039,600,000",Fusion Saga,Dragon Ball Z
Super Buu (Gohan absorbed),"4,850,039,600,000",Fusion Saga,Dragon Ball Z
Vegeta,"2,800,000,000",Fusion Saga,Dragon Ball Z
Vegeta (MSSJ),"140,000,000,000",Fusion Saga,Dragon Ball Z
Vegeta (SSJ2),"280,000,000,000",Fusion Saga,Dragon Ball Z
Goku (MSSJ),"140,000,000,000",Fusion Saga,Dragon Ball Z
Goku (SSJ2),"280,000,000,000",Fusion Saga,Dragon Ball Z
Vegito,"560,000,000,000",Fusion Saga,Dragon Ball Z
Vegito (MSSJ),"28,000,000,000,000",Fusion Saga,Dragon Ball Z
Super Buu,"800,000,000,000",Fusion Saga,Dragon Ball Z
Ultra Buu,"2,000,000,000,000",Kid Buu Saga,Dragon Ball Z
Kid Buu,"500,000,000,000",Kid Buu Saga,Dragon Ball Z
Western Supreme Kai,"110,000,000,000",Kid Buu Saga,Dragon Ball Z
Northern Supreme Kai,"100,000,000,000",Kid Buu Saga,Dragon Ball Z
Southern Supreme Kai,"500,000,000,000",Kid Buu Saga,Dragon Ball Z
Grand Supreme Kai,"120,000,000,000",Kid Buu Saga,Dragon Ball Z
Kid Buu's Planet Burst,"1,000,000,000,000",Kid Buu Saga,Dragon Ball Z
Krillin (training in Other World),"2,000,000",Kid Buu Saga,Dragon Ball Z
Yamcha (after regaining fighting spirit in Other World),"1,750,000",Kid Buu Saga,Dragon Ball Z
Pikkon,"140,000,000,000",Kid Buu Saga,Dragon Ball Z
Olibu,"2,100,000,000",Kid Buu Saga,Dragon Ball Z
Goku,"2,800,000,000",Kid Buu Saga,Dragon Ball Z
Goku (MSSJ),"140,000,000,000",Kid Buu Saga,Dragon Ball Z
Vegeta,"2,800,000,000",Kid Buu Saga,Dragon Ball Z
Vegeta (MSSJ),"140,000,000,000",Kid Buu Saga,Dragon Ball Z
Goku (SSJ2),"280,000,000,000",Kid Buu Saga,Dragon Ball Z
"Goku (SSJ3, holding back)","850,000,000",Kid Buu Saga,Dragon Ball Z
"Vegeta (SSJ2, fighting Kid Buu)","280,000,000,000",Kid Buu Saga,Dragon Ball Z
Goku's True Kamehameha,"2,500,000,000,000",Kid Buu Saga,Dragon Ball Z
"Goku (SSJ3, weakening)","500,000,000,000",Kid Buu Saga,Dragon Ball Z
"Goku (SSJ3, weakening)","300,000,000,000",Kid Buu Saga,Dragon Ball Z
"Vegeta (SSJ2, weakened)","138,250,000,000",Kid Buu Saga,Dragon Ball Z
Mr. Satan,7,Kid Buu Saga,Dragon Ball Z
Good Buu,"350,000,000,000",Kid Buu Saga,Dragon Ball Z
Android 17,"7,000,000,000",Kid Buu Saga,Dragon Ball Z
Goku's Spirit Bomb,"5,000,000,000,000",Kid Buu Saga,Dragon Ball Z
Goku (weakened),"850,000,000",Kid Buu Saga,Dragon Ball Z
"Goku (MSSJ, back to full strength)","140,000,000,000",Kid Buu Saga,Dragon Ball Z
Goku,"28,000,000,000",Kid Buu Saga,Dragon Ball Z
Goku (MSSJ),"1,400,000,000,000",Kid Buu Saga,Dragon Ball Z
Goku (SSJ2),"2,800,000,000,000",Kid Buu Saga,Dragon Ball Z
Goku (SSJ3),"11,200,000,000,000",Kid Buu Saga,Dragon Ball Z
Goten,"196,000,000",Kid Buu Saga,Dragon Ball Z
Goten (MSSJ),"9,800,000,000",Kid Buu Saga,Dragon Ball Z
Vegeta,"28,000,000,000",Kid Buu Saga,Dragon Ball Z
Vegeta (MSSJ),"1,400,000,000,000",Kid Buu Saga,Dragon Ball Z
Vegeta (SSJ2),"2,800,000,000,000",Kid Buu Saga,Dragon Ball Z
Trunks,"200,000,000",Kid Buu Saga,Dragon Ball Z
Trunks (MSSJ),"10,000,000,000",Kid Buu Saga,Dragon Ball Z
Gohan,"40,000,000,000",Kid Buu Saga,Dragon Ball Z
Gohan (MSSJ),"2,000,000,000,000",Kid Buu Saga,Dragon Ball Z
Gohan (SSJ2),"4,000,000,000,000",Kid Buu Saga,Dragon Ball Z
Piccolo,"10,000,000,000",Kid Buu Saga,Dragon Ball Z
Piccolo (full power),"500,000,000,000",Kid Buu Saga,Dragon Ball Z
Krillin,"3,000,000",Kid Buu Saga,Dragon Ball Z
Yamcha,"2,750,000",Kid Buu Saga,Dragon Ball Z
Uub,"19,500,000,000",Kid Buu Saga,Dragon Ball Z
"Goku (supressed, fighting Uub)","20,000,000,000",Kid Buu Saga,Dragon Ball Z
Good Buu,"400,000,000,000",Kid Buu Saga,Dragon Ball Z
Pan,"100,000",Kid Buu Saga,Dragon Ball Z
Uub,"800,000,000,000",Black-Star Dragon Ball Saga,Dragon Ball GT
Goku,"44,800,000,000",Black-Star Dragon Ball Saga,Dragon Ball GT
Goku (kid),"30,000,000,000",Black-Star Dragon Ball Saga,Dragon Ball GT
Mr. Popo,"1,030",Black-Star Dragon Ball Saga,Dragon Ball GT
Dende,10,Black-Star Dragon Ball Saga,Dragon Ball GT
Pan,"5,000,000",Black-Star Dragon Ball Saga,Dragon Ball GT
Master Roshi,139,Black-Star Dragon Ball Saga,Dragon Ball GT
Chi-chi,90,Black-Star Dragon Ball Saga,Dragon Ball GT
Gohan,"40,000,000,000",Black-Star Dragon Ball Saga,Dragon Ball GT
Videl,5,Black-Star Dragon Ball Saga,Dragon Ball GT
King Kai,"3,500",Black-Star Dragon Ball Saga,Dragon Ball GT
Bulma,1.5,Black-Star Dragon Ball Saga,Dragon Ball GT
Mr. Satan,6,Black-Star Dragon Ball Saga,Dragon Ball GT
Trunks,"3,000,000,000",Black-Star Dragon Ball Saga,Dragon Ball GT
Goten,"3,000,000,000",Black-Star Dragon Ball Saga,Dragon Ball GT
Vegeta,"40,000,000,000",Black-Star Dragon Ball Saga,Dragon Ball GT
Giru,"1,000,000",Black-Star Dragon Ball Saga,Dragon Ball GT
Don Kee,5,Black-Star Dragon Ball Saga,Dragon Ball GT
Gale,"25,000,000",Black-Star Dragon Ball Saga,Dragon Ball GT
Sheela,"24,000,000",Black-Star Dragon Ball Saga,Dragon Ball GT
Trunks,"3,000,000,000",Black-Star Dragon Ball Saga,Dragon Ball GT
Goku,"30,000,000,000",Black-Star Dragon Ball Saga,Dragon Ball GT
Ledgic,"30,000,000,000",Black-Star Dragon Ball Saga,Dragon Ball GT
Goku (MSSJ),"1,500,000,000,000",Black-Star Dragon Ball Saga,Dragon Ball GT
Zoonama,"10,000",Black-Star Dragon Ball Saga,Dragon Ball GT
Bon Para,"8,500,000",Black-Star Dragon Ball Saga,Dragon Ball GT
Don Para," 6,800,000",Black-Star Dragon Ball Saga,Dragon Ball GT
Son Para,"3,200,000",Black-Star Dragon Ball Saga,Dragon Ball GT
Cardinal Mutchy Mutchy,"8,500,000,000",Black-Star Dragon Ball Saga,Dragon Ball GT
Cardinal Mutchy Mutchy (true form),"40,000,000,000",Black-Star Dragon Ball Saga,Dragon Ball GT
Goku,"30,000,000,000",Black-Star Dragon Ball Saga,Dragon Ball GT
Goku (MSSJ),"1,500,000,000,000",Black-Star Dragon Ball Saga,Dragon Ball GT
Cardinal Mutchy Mutchy (Goku's energy absorbed),"480,000,000,000",Black-Star Dragon Ball Saga,Dragon Ball GT
Trunks' Brave Cannon,"20,000,000,000",Black-Star Dragon Ball Saga,Dragon Ball GT
Dolltaki,5,Black-Star Dragon Ball Saga,Dragon Ball GT
Luud (2/3 power),"36,000,000,000",Black-Star Dragon Ball Saga,Dragon Ball GT
Luud (full power),"600,000,000,000",Black-Star Dragon Ball Saga,Dragon Ball GT
Commander Nezi,"6,500,000",Black-Star Dragon Ball Saga,Dragon Ball GT
Bizu,"5,600,000",Black-Star Dragon Ball Saga,Dragon Ball GT
Ribet,"4,600,000",Black-Star Dragon Ball Saga,Dragon Ball GT
Natt,"1,400,000",Black-Star Dragon Ball Saga,Dragon Ball GT
Goku,"30,000,000,000",Baby Saga,Dragon Ball GT
Super Mega Cannon Sigma,"1,670,000,000",Baby Saga,Dragon Ball GT
General Rilldo,"500,000,000,000",Baby Saga,Dragon Ball GT
Pan,"5,000,000",Baby Saga,Dragon Ball GT
Goku (MSSJ),"1,500,000,000,000",Baby Saga,Dragon Ball GT
Meta-Rilldo,"1,000,000,000,000",Baby Saga,Dragon Ball GT
Hyper Meta- Rilldo,"2,500,000,000,000",Baby Saga,Dragon Ball GT
Goku (SSJ2),"3,000,000,000,000",Baby Saga,Dragon Ball GT
Dr. Myuu,"1,200,000",Baby Saga,Dragon Ball GT
Baby (infant form),"800,000,000",Baby Saga,Dragon Ball GT
Baby (after absorbing people),"8,000,000,000",Baby Saga,Dragon Ball GT
Trunks (MSSJ),"150,000,000,000",Baby Saga,Dragon Ball GT
Mr. Satan,6,Baby Saga,Dragon Ball GT
Baby (teenage form),"16,000,000,000",Baby Saga,Dragon Ball GT
Goten,"3,000,000,000",Baby Saga,Dragon Ball GT
Goten (MSSJ),"150,000,000,000",Baby Saga,Dragon Ball GT
"Gohan (suppressed, fighting Baby Goten)","210,000,000,000",Baby Saga,Dragon Ball GT
Gohan (SSJ2),"2,000,000,000,000",Baby Saga,Dragon Ball GT
Piccolo,"10,000,000,000",Baby Saga,Dragon Ball GT
Baby Gohan (MSSJ),"2,000,000,000,000",Baby Saga,Dragon Ball GT
Vegeta,"40,000,000,000",Baby Saga,Dragon Ball GT
Baby Gohan (SSJ2),"4,000,000,000,000",Baby Saga,Dragon Ball GT
Vegeta (MSSJ),"2,000,000,000,000",Baby Saga,Dragon Ball GT
Baby Goten,"4,000,000,000",Baby Saga,Dragon Ball GT
Vegeta (SSJ2),"4,000,000,000,000",Baby Saga,Dragon Ball GT
Baby Vegeta,"50,000,000,000",Baby Saga,Dragon Ball GT
Good Buu,"400,000,000,000",Baby Saga,Dragon Ball GT
Baby Trunks,"4,000,000,000",Baby Saga,Dragon Ball GT
Goku,"30,000,000,000",Baby Saga,Dragon Ball GT
Baby Gohan (MSSJ),"2,000,000,000,000",Baby Saga,Dragon Ball GT
Baby Goten (MSSJ),"200,000,000,000",Baby Saga,Dragon Ball GT
Baby Bulla,"1,500,000",Baby Saga,Dragon Ball GT
Goku (SSJ3),"12,000,000,000,000",Baby Saga,Dragon Ball GT
Super Baby Vegeta,"2,500,000,000,000",Baby Saga,Dragon Ball GT
Super Baby Vegeta 2,"5,000,000,000,000",Baby Saga,Dragon Ball GT
Kibito Kai,"120,000,000,000",Baby Saga,Dragon Ball GT
Old Kai,"1,500,000",Baby Saga,Dragon Ball GT
Uub,"800,000,000,000",Baby Saga,Dragon Ball GT
"Super Baby Vegeta 2 (supressed, fighting Uub)","900,000,000,000",Baby Saga,Dragon Ball GT
Majuub,"2,500,000,000,000",Baby Saga,Dragon Ball GT
"Super Baby Vegeta 2 (supressed, fighting Majuub)","3,000,000,000,000",Baby Saga,Dragon Ball GT
Goku (with tail),"40,000,000,000",Baby Saga,Dragon Ball GT
Goku (MSSJ),"2,000,000,000,000",Baby Saga,Dragon Ball GT
Goku (SSJ2),"4,000,000,000,000",Baby Saga,Dragon Ball GT
Goku (SSJ3),"16,000,000,000,000",Baby Saga,Dragon Ball GT
Super Baby Vegeta 2 (full power),"5,000,000,000,000",Baby Saga,Dragon Ball GT
Golden Great Ape Goku,"40,000,000,000,000",Baby Saga,Dragon Ball GT
Goku (SSJ4),"160,000,000,000,000",Baby Saga,Dragon Ball GT
Golden Great Ape Baby Vegeta (supressed),"18,500,000,000,000",Baby Saga,Dragon Ball GT
Golden Great Ape Baby Vegeta's Super Galick Gun,"40,000,000,000,000",Baby Saga,Dragon Ball GT
Goku's 10x Kamehameha,"200,000,000,000,000",Baby Saga,Dragon Ball GT
Golden Great Ape Baby Vegeta (full power),"20,000,000,000,000",Baby Saga,Dragon Ball GT
Pan (Zenkai),"8,500,000",Baby Saga,Dragon Ball GT
Trunks (Zenkai),"5,000,000,000",Baby Saga,Dragon Ball GT
Goten (Zenkai),"5,000,000,0000",Baby Saga,Dragon Ball GT
Gohan (Zenkai),"45,000,000,000",Baby Saga,Dragon Ball GT
Trunks (MSSJ),"250,000,000,000",Baby Saga,Dragon Ball GT
Goten (MSSJ),"250,000,000,000",Baby Saga,Dragon Ball GT
Gohan (SSJ2),"4,500,000,000,000",Baby Saga,Dragon Ball GT
Majuub,"2,500,000,000,000",Baby Saga,Dragon Ball GT
"Goku (SSJ4, Gohan, Trunks, Goten, and Pan's energy and Zenkai)","400,000,000,000,000",Baby Saga,Dragon Ball GT
Baby (adult form),"80,000,000,000",Baby Saga,Dragon Ball GT
Goku's 10x Kamehameha,"4,000,000,000,000,000",Baby Saga,Dragon Ball GT
Goku,"50,000,000,000",Super 17 saga,Dragon Ball GT
Krillin,"74,000",Super 17 saga,Dragon Ball GT
Trunks (fighting Android 17),"5,000,000,000",Super 17 saga,Dragon Ball GT
Vegeta (Zenkai),"50,000,000,000",Super 17 saga,Dragon Ball GT
Pan,"8,500,000",Super 17 saga,Dragon Ball GT
Mr. Satan,6,Super 17 saga,Dragon Ball GT
Goten,"5,000,000,000",Super 17 saga,Dragon Ball GT
Majuub (supressed),"200,000,000,000",Super 17 saga,Dragon Ball GT
Android 17,"150,000,000,000",Super 17 saga,Dragon Ball GT
Raditz,"28,700",Super 17 saga,Dragon Ball GT
Cooler,"584,000,000",Super 17 saga,Dragon Ball GT
Babidi,20,Super 17 saga,Dragon Ball GT
Zarbon,"4,200,000",Super 17 saga,Dragon Ball GT
Dodoria,"4,100,000",Super 17 saga,Dragon Ball GT
Recoome,"8,500,000",Super 17 saga,Dragon Ball GT
Jeice,"8,500,000",Super 17 saga,Dragon Ball GT
Burter,"8,500,000",Super 17 saga,Dragon Ball GT
Guldo,"3,000,000",Super 17 saga,Dragon Ball GT
Ginyu,"25,000,000",Super 17 saga,Dragon Ball GT
General Blue,75,Super 17 saga,Dragon Ball GT
Major Metallitron,84,Super 17 saga,Dragon Ball GT
Officer Black,20,Super 17 saga,Dragon Ball GT
Pui Pui,"400,000,000",Super 17 saga,Dragon Ball GT
Yakkon,"8,400,000,000",Super 17 saga,Dragon Ball GT
Android 19,"400,000,000",Super 17 saga,Dragon Ball GT
Hell fighter 17,"150,000,000,000",Super 17 saga,Dragon Ball GT
Frieza,"146,500,000",Super 17 saga,Dragon Ball GT
Cell,"60,000,000,000",Super 17 saga,Dragon Ball GT
Cell (Goku Absorbed),"120,000,000,000",Super 17 saga,Dragon Ball GT
Cell,"120,000,000,000",Super 17 saga,Dragon Ball GT
Saibamen,"1,200",Super 17 saga,Dragon Ball GT
General Rilldo,"500,000,000,000",Super 17 saga,Dragon Ball GT
Gohan,"45,000,000,000",Super 17 saga,Dragon Ball GT
Majuub (supressed),"300,000,000,000",Super 17 saga,Dragon Ball GT
Trunks,"5,000,000,000",Super 17 saga,Dragon Ball GT
Goten,"5,000,000,000",Super 17 saga,Dragon Ball GT
Android 18,"120,000,000,000",Super 17 saga,Dragon Ball GT
Nappa,"650,000",Super 17 saga,Dragon Ball GT
Super 17,"30,000,000,000,000",Super 17 saga,Dragon Ball GT
Gohan,"45,000,000,000",Super 17 saga,Dragon Ball GT
Gohan's Super Kamehameha,"7,000,000,000,000",Super 17 saga,Dragon Ball GT
Gohan (SSJ2),"4,500,000,000,000",Super 17 saga,Dragon Ball GT
Trunks (MSSJ),"250,000,000,000",Super 17 saga,Dragon Ball GT
"Majuub (full power, Majin Buu's power wore off)","3,000,000,000,000",Super 17 saga,Dragon Ball GT
Goten (MSSJ),"250,000,000,000",Super 17 saga,Dragon Ball GT
Vegeta (SSJ2),"5,000,000,000,000",Super 17 saga,Dragon Ball GT
Piccolo,"20,000,000,000",Super 17 saga,Dragon Ball GT
Vegeta's Final Shine Attack,"18,000,000,000,000",Super 17 saga,Dragon Ball GT
Goku (MSSJ),"2,500,000,000,000",Super 17 saga,Dragon Ball GT
Super 17 (attacks absorbed),"40,000,000,000,000",Super 17 saga,Dragon Ball GT
Goku (SSJ4),"200,000,000,000,000",Super 17 saga,Dragon Ball GT
Goku's 10x Kamehameha,"2,000,000,000,000,000",Super 17 saga,Dragon Ball GT
Super 17 (10x Kamehameha absorbed),"530,000,000,000,000",Super 17 saga,Dragon Ball GT
Android 18,"120,000,000,000",Super 17 saga,Dragon Ball GT
Goku,"50,000,000,000",Super 17 saga,Dragon Ball GT
Goku's Super Dragon Fist,"18,500,000,000,000,000",Super 17 saga,Dragon Ball GT
Super 17 (weakened),"2,100,000,000,000",Super 17 saga,Dragon Ball GT
Goku's Super Kamehameha,"34,000,000,000,000",Super 17 saga,Dragon Ball GT
Goku,"80,000,000,000",Shadow Dragon Saga,Dragon Ball GT
Pan,"10,000,000",Shadow Dragon Saga,Dragon Ball GT
King Kai,"3,500",Shadow Dragon Saga,Dragon Ball GT
Kibito Kai,"120,000,000,000",Shadow Dragon Saga,Dragon Ball GT
Mr. Popo,"1,030",Shadow Dragon Saga,Dragon Ball GT
Gohan (Zenkai),"50,000,000,000",Shadow Dragon Saga,Dragon Ball GT
Goten (Zenkai),"8,000,000,000",Shadow Dragon Saga,Dragon Ball GT
Trunks (Zenkai),"8,000,000,000",Shadow Dragon Saga,Dragon Ball GT
"Vegeta (normal base,Zenkai)","80,000,000,000",Shadow Dragon Saga,Dragon Ball GT
Haze Shenron,"10,000,000,000",Shadow Dragon Saga,Dragon Ball GT
Rage Shenron,"500,000,000,000",Shadow Dragon Saga,Dragon Ball GT
Goku (SSJ4),"320,000,000,000,000",Shadow Dragon Saga,Dragon Ball GT
Oceanus Shenron,"600,000,000,000",Shadow Dragon Saga,Dragon Ball GT
Naturon Shenron (mole absorbed),"7,000,000,000",Shadow Dragon Saga,Dragon Ball GT
Naturon Shenron (Pan absorbed),"70,000,000,000",Shadow Dragon Saga,Dragon Ball GT
Naturon Shenron (true mole form),"700,000,000,000",Shadow Dragon Saga,Dragon Ball GT
Nouva Shenron (heat armor),"1,500,000,000,000",Shadow Dragon Saga,Dragon Ball GT
Goku,"80,000,000,000",Shadow Dragon Saga,Dragon Ball GT
Goku (MSSJ),"4,000,000,000,000",Shadow Dragon Saga,Dragon Ball GT
Goku (SSJ4),"320,000,000,000,000",Shadow Dragon Saga,Dragon Ball GT
Nouva Shenron (full power),"30,000,000,000,000",Shadow Dragon Saga,Dragon Ball GT
Ice Shenron,"30,000,000,000,000",Shadow Dragon Saga,Dragon Ball GT
Goku's Dragon Fist,"2,000,000,000,000,000",Shadow Dragon Saga,Dragon Ball GT
Syn Shenron,"500,000,000,000,000",Shadow Dragon Saga,Dragon Ball GT
Gohan (SSJ2),"5,000,000,000,000",Shadow Dragon Saga,Dragon Ball GT
Goten (MSSJ),"400,000,000,000",Shadow Dragon Saga,Dragon Ball GT
Trunks (MSSJ),"400,000,000,000",Shadow Dragon Saga,Dragon Ball GT
Majuub,"32,000,000,000,000",Shadow Dragon Saga,Dragon Ball GT
Goku (SSJ4),"320,000,000,000,000",Shadow Dragon Saga,Dragon Ball GT
Vegeta,"80,000,000,000",Shadow Dragon Saga,Dragon Ball GT
Omega Shenron,"7,000,000,000,000,000",Shadow Dragon Saga,Dragon Ball GT
Golden Great Ape Vegeta,"80,000,000,000,000",Shadow Dragon Saga,Dragon Ball GT
Vegeta (SSJ4),"320,000,000,000,000",Shadow Dragon Saga,Dragon Ball GT
Gogeta (SSJ4),"64,000,000,000,000,000",Shadow Dragon Saga,Dragon Ball GT
Goku,"100,000,000,000",Shadow Dragon Saga,Dragon Ball GT
Vegeta,"100,000,000,000",Shadow Dragon Saga,Dragon Ball GT
Vegeta (MSSJ),"5,000,000,000,000",Shadow Dragon Saga,Dragon Ball GT
Vegeta (SSJ2),"10,000,000,000,000",Shadow Dragon Saga,Dragon Ball GT
Goku (MSSJ),"5,000,000,000,000",Shadow Dragon Saga,Dragon Ball GT
Tien,"35,000,000",Shadow Dragon Saga,Dragon Ball GT
Chiaotzu,"1,000,000",Shadow Dragon Saga,Dragon Ball GT
Yamcha,"500,000",Shadow Dragon Saga,Dragon Ball GT
Goku's Universal Spirit Bomb,"700,000,000,000,000,000",Shadow Dragon Saga,Dragon Ball GT
Piccolo,"20,000,000,000",Shadow Dragon Saga,Dragon Ball GT
Master Roshi,139,Shadow Dragon Saga,Dragon Ball GT
Krillin,"78,000",Shadow Dragon Saga,Dragon Ball GT
"Goku (supressed, fighting Krillin)","60,000",Shadow Dragon Saga,Dragon Ball GT
Piccolo (weighted),322,Movie 1: Dead Zone,Dragon Ball Z
Ginger,265,Movie 1: Dead Zone,Dragon Ball Z
Nicky,250,Movie 1: Dead Zone,Dragon Ball Z
Sansho,245,Movie 1: Dead Zone,Dragon Ball Z
Gohan,1,Movie 1: Dead Zone,Dragon Ball Z
Ox King,70,Movie 1: Dead Zone,Dragon Ball Z
Chi-chi,130,Movie 1: Dead Zone,Dragon Ball Z
Goku (weighted),330,Movie 1: Dead Zone,Dragon Ball Z
Kami,220,Movie 1: Dead Zone,Dragon Ball Z
Garlic Jr.,310,Movie 1: Dead Zone,Dragon Ball Z
Ginger (buff),300,Movie 1: Dead Zone,Dragon Ball Z
Nicky (buff),290,Movie 1: Dead Zone,Dragon Ball Z
Sansho (buff),275,Movie 1: Dead Zone,Dragon Ball Z
Krillin,202,Movie 1: Dead Zone,Dragon Ball Z
Super Garlic Jr.,800,Movie 1: Dead Zone,Dragon Ball Z
Goku,412,Movie 1: Dead Zone,Dragon Ball Z
Piccolo,404,Movie 1: Dead Zone,Dragon Ball Z
 Gohan (angry),"1,300",Movie 1: Dead Zone,Dragon Ball Z
Gohan (supressed),300,Movie 2: World's Strongest,Dragon Ball Z
Bio Men,"1,250",Movie 2: World's Strongest,Dragon Ball Z
Piccolo (weighted),"5,600",Movie 2: World's Strongest,Dragon Ball Z
Bulma,1.5,Movie 2: World's Strongest,Dragon Ball Z
Master Roshi,"4,400",Movie 2: World's Strongest,Dragon Ball Z
Dr. Kochin,200,Movie 2: World's Strongest,Dragon Ball Z
Miskatsun,"6,200",Movie 2: World's Strongest,Dragon Ball Z
Ebifurya,"7,200",Movie 2: World's Strongest,Dragon Ball Z
Kishime,"7,500",Movie 2: World's Strongest,Dragon Ball Z
Goku,"8,200",Movie 2: World's Strongest,Dragon Ball Z
Gohan,"1,850",Movie 2: World's Strongest,Dragon Ball Z
Krillin,"1,770",Movie 2: World's Strongest,Dragon Ball Z
Goku (Kaio-ken),"12,300",Movie 2: World's Strongest,Dragon Ball Z
Goku (Kaio-ken x2),"16,400",Movie 2: World's Strongest,Dragon Ball Z
"Piccolo (controlled, weighted)","6,225",Movie 2: World's Strongest,Dragon Ball Z
Piccolo (controlled),"8,300",Movie 2: World's Strongest,Dragon Ball Z
Piccolo,"7,000",Movie 2: World's Strongest,Dragon Ball Z
Dr. Wheelo,"23,000",Movie 2: World's Strongest,Dragon Ball Z
Gohan (angry),"13,500",Movie 2: World's Strongest,Dragon Ball Z
Student-Teacher Kamehameha,"17,000",Movie 2: World's Strongest,Dragon Ball Z
Goku (Kaio-ken x3),"24,600",Movie 2: World's Strongest,Dragon Ball Z
Goku's Kaio-ken x3 Kamehameha,"32,000",Movie 2: World's Strongest,Dragon Ball Z
Dr. Wheelo's blast,"38,000",Movie 2: World's Strongest,Dragon Ball Z
Goku's Kaio-ken x4 Kamehameha,"45,000",Movie 2: World's Strongest,Dragon Ball Z
Dr. Wheelo,"40,000",Movie 2: World's Strongest,Dragon Ball Z
Goku's Spirit Bomb,"400,000",Movie 2: World's Strongest,Dragon Ball Z
Gohan (angry),"20,000",Movie 2: World's Strongest,Dragon Ball Z
Dr. Wheelo's Planet Geyser,"65,000",Movie 2: World's Strongest,Dragon Ball Z
Goku's Spirit Bomb,"300,000",Movie 2: World's Strongest,Dragon Ball Z
Gohan,"750,000",Movie 3: The Tree of Might,Dragon Ball Z
Krillin,"75,000",Movie 3: The Tree of Might,Dragon Ball Z
Chi-chi,130,Movie 3: The Tree of Might,Dragon Ball Z
Goku,"1,500,000",Movie 3: The Tree of Might,Dragon Ball Z
Amond,"40,000",Movie 3: The Tree of Might,Dragon Ball Z
Daiz,"34,000",Movie 3: The Tree of Might,Dragon Ball Z
Cacao,"28,000",Movie 3: The Tree of Might,Dragon Ball Z
Rasin,"65,000",Movie 3: The Tree of Might,Dragon Ball Z
Lakasei,"65,000",Movie 3: The Tree of Might,Dragon Ball Z
Tien,"100,000",Movie 3: The Tree of Might,Dragon Ball Z
Yamcha,"68,000",Movie 3: The Tree of Might,Dragon Ball Z
Chiaotzu,"25,000",Movie 3: The Tree of Might,Dragon Ball Z
Turles,"1,000,000",Movie 3: The Tree of Might,Dragon Ball Z
Piccolo,"600,000",Movie 3: The Tree of Might,Dragon Ball Z
Great Ape Gohan,"7,500,000",Movie 3: The Tree of Might,Dragon Ball Z
Goku (Kaio-ken),"3,000,000",Movie 3: The Tree of Might,Dragon Ball Z
Turles (after eating fruit),"3,000,000",Movie 3: The Tree of Might,Dragon Ball Z
Goku (Kaio-ken x10),"60,000,000",Movie 3: The Tree of Might,Dragon Ball Z
Goku's Spirit Bomb,"600,000,000",Movie 3: The Tree of Might,Dragon Ball Z
Piccolo (weighted),"600,000",Movie 4: Lord Slug,Dragon Ball Z
Gohan,"1,500,000",Movie 4: Lord Slug,Dragon Ball Z
Bulma,1.5,Movie 4: Lord Slug,Dragon Ball Z
Krillin,"150,000",Movie 4: Lord Slug,Dragon Ball Z
Goku,"3,000,000",Movie 4: Lord Slug,Dragon Ball Z
Chi-chi,130,Movie 4: Lord Slug,Dragon Ball Z
Slug Soldiers,"1,000",Movie 4: Lord Slug,Dragon Ball Z
Lord Slug (old),"8,000,000",Movie 4: Lord Slug,Dragon Ball Z
Commander Zeeun,"30,000",Movie 4: Lord Slug,Dragon Ball Z
Wings,"24,000",Movie 4: Lord Slug,Dragon Ball Z
Medamatcha,"20,000",Movie 4: Lord Slug,Dragon Ball Z
Angila,"22,500",Movie 4: Lord Slug,Dragon Ball Z
Lord Slug,"56,000,000",Movie 4: Lord Slug,Dragon Ball Z
Goku (FSSJ),"105,000,000",Movie 4: Lord Slug,Dragon Ball Z
Lord Slug (Giant),"150,000,000",Movie 4: Lord Slug,Dragon Ball Z
Piccolo,"1,200,000",Movie 4: Lord Slug,Dragon Ball Z
Goku (Piccolo's energy),"106,200,000",Movie 4: Lord Slug,Dragon Ball Z
Goku (Kaio-ken x20),"4,248,000,000",Movie 4: Lord Slug,Dragon Ball Z
Lord Slug (injured),"50,000,000",Movie 4: Lord Slug,Dragon Ball Z
Goku's Spirit Bomb,"2,000,000,000",Movie 4: Lord Slug,Dragon Ball Z
Frieza,"530,000",Movie 5: Cooler's Revenge,Dragon Ball Z
Master Roshi,139,Movie 5: Cooler's Revenge,Dragon Ball Z
Goku,"10,000,000",Movie 5: Cooler's Revenge,Dragon Ball Z
Gohan,"6,000,000",Movie 5: Cooler's Revenge,Dragon Ball Z
Krillin,"150,000",Movie 5: Cooler's Revenge,Dragon Ball Z
Doore,"1,085,000",Movie 5: Cooler's Revenge,Dragon Ball Z
Neiz,"1,070,000",Movie 5: Cooler's Revenge,Dragon Ball Z
Salza,"1,150,000",Movie 5: Cooler's Revenge,Dragon Ball Z
"Goku (supressed, fighting Armored Squad)","2,800,000",Movie 5: Cooler's Revenge,Dragon Ball Z
Cooler (supressed),"16,800,000",Movie 5: Cooler's Revenge,Dragon Ball Z
Piccolo (weighted),"5,150,000",Movie 5: Cooler's Revenge,Dragon Ball Z
Piccolo,"180,000,000",Movie 5: Cooler's Revenge,Dragon Ball Z
Goku (Zenkai),"12,000,000",Movie 5: Cooler's Revenge,Dragon Ball Z
Cooler (full power),"200,000,000",Movie 5: Cooler's Revenge,Dragon Ball Z
Cooler (transformed),"300,000,000",Movie 5: Cooler's Revenge,Dragon Ball Z
Goku (Kaio-ken x10),"120,000,000",Movie 5: Cooler's Revenge,Dragon Ball Z
Goku (Kaio-ken x20),"240,000,000",Movie 5: Cooler's Revenge,Dragon Ball Z
Goku's Kaio-ken x20 Kamehameha,"400,000,000",Movie 5: Cooler's Revenge,Dragon Ball Z
Goku (SSJ),"600,000,000",Movie 5: Cooler's Revenge,Dragon Ball Z
Cooler's Supernova,"500,000,000",Movie 5: Cooler's Revenge,Dragon Ball Z
"Cooler (full power, never used)","470,000,000",Movie 5: Cooler's Revenge,Dragon Ball Z
Namekian Warrior,"5,000",Movie 6: The Return of Cooler,Dragon Ball Z
Master Roshi,139,Movie 6: The Return of Cooler,Dragon Ball Z
Yajirobe,"3,000",Movie 6: The Return of Cooler,Dragon Ball Z
Krillin,"450,000",Movie 6: The Return of Cooler,Dragon Ball Z
Gohan,"350,000,000",Movie 6: The Return of Cooler,Dragon Ball Z
Goku,"400,000,000",Movie 6: The Return of Cooler,Dragon Ball Z
Piccolo (weighted),"14,400,000",Movie 6: The Return of Cooler,Dragon Ball Z
Cyclopian Guards,"800,000,000",Movie 6: The Return of Cooler,Dragon Ball Z
Piccolo,"7,200,000,000",Movie 6: The Return of Cooler,Dragon Ball Z
Meta Cooler,"5,200,000,000",Movie 6: The Return of Cooler,Dragon Ball Z
Goku (Kaio-ken x10),"4,000,000,000",Movie 6: The Return of Cooler,Dragon Ball Z
Goku (MSSJ),"20,000,000,000",Movie 6: The Return of Cooler,Dragon Ball Z
Meta Cooler (recovered),"10,000,000,000",Movie 6: The Return of Cooler,Dragon Ball Z
Vegeta,"205,200,000",Movie 6: The Return of Cooler,Dragon Ball Z
Vegeta (MSSJ),"10,260,000,000",Movie 6: The Return of Cooler,Dragon Ball Z
Master Roshi,139,Movie 7: Super Android 13,Dragon Ball Z
Krillin,"450,000",Movie 7: Super Android 13,Dragon Ball Z
Trunks,"18,000,000",Movie 7: Super Android 13,Dragon Ball Z
Gohan,"9,000,000",Movie 7: Super Android 13,Dragon Ball Z
Goku,"18,000,000",Movie 7: Super Android 13,Dragon Ball Z
Vegeta,"17,100,000",Movie 7: Super Android 13,Dragon Ball Z
Androd 15 (supressed),"28,000,000",Movie 7: Super Android 13,Dragon Ball Z
Android 14 (supressed),"27,000,000",Movie 7: Super Android 13,Dragon Ball Z
Goku (SSJ),"900,000,000",Movie 7: Super Android 13,Dragon Ball Z
Trunks (SSJ),"900,000,000",Movie 7: Super Android 13,Dragon Ball Z
Vegeta (SSJ),"855,000,000",Movie 7: Super Android 13,Dragon Ball Z
Android 13 (full power),"620,000,000",Movie 7: Super Android 13,Dragon Ball Z
Android 14 (full power),"570,000,000",Movie 7: Super Android 13,Dragon Ball Z
Android 15 (full power),"580,000,000",Movie 7: Super Android 13,Dragon Ball Z
Piccolo,"720,000,000",Movie 7: Super Android 13,Dragon Ball Z
Super Android 13,"1,770,000,000",Movie 7: Super Android 13,Dragon Ball Z
Goku's Spirit Bomb,"2,000,000,000",Movie 7: Super Android 13,Dragon Ball Z
"Goku (SSJ, Spirit Bomb absorbed)","2,650,000,000",Movie 7: Super Android 13,Dragon Ball Z
Goku,"400,000,000",Movie 8: Broly - The Legendary Super Saiyan,Dragon Ball Z
Krillin,"500,000",Movie 8: Broly - The Legendary Super Saiyan,Dragon Ball Z
Master Roshi,139,Movie 8: Broly - The Legendary Super Saiyan,Dragon Ball Z
Gohan,"350,000,000",Movie 8: Broly - The Legendary Super Saiyan,Dragon Ball Z
Future Trunks,"108,000,000",Movie 8: Broly - The Legendary Super Saiyan,Dragon Ball Z
Vegeta,"205,200,000",Movie 8: Broly - The Legendary Super Saiyan,Dragon Ball Z
King Kai,"3,500",Movie 8: Broly - The Legendary Super Saiyan,Dragon Ball Z
Paragus,"30,000",Movie 8: Broly - The Legendary Super Saiyan,Dragon Ball Z
Broly (supressed),"12,000",Movie 8: Broly - The Legendary Super Saiyan,Dragon Ball Z
Paragus (flash back),"4,000",Movie 8: Broly - The Legendary Super Saiyan,Dragon Ball Z
King Vegeta,"10,000",Movie 8: Broly - The Legendary Super Saiyan,Dragon Ball Z
Broly (baby),"10,000",Movie 8: Broly - The Legendary Super Saiyan,Dragon Ball Z
Goku (baby),2,Movie 8: Broly - The Legendary Super Saiyan,Dragon Ball Z
Broly (kid),"4,000,000",Movie 8: Broly - The Legendary Super Saiyan,Dragon Ball Z
Broly,"340,000,000",Movie 8: Broly - The Legendary Super Saiyan,Dragon Ball Z
Broly (SSJ),"17,000,000,000",Movie 8: Broly - The Legendary Super Saiyan,Dragon Ball Z
Goku,"400,000,000",Movie 8: Broly - The Legendary Super Saiyan,Dragon Ball Z
Broly (between SSJ and LSSJ),"28,000,000,000",Movie 8: Broly - The Legendary Super Saiyan,Dragon Ball Z
Vegeta (ASSJ),"15,390,000,000",Movie 8: Broly - The Legendary Super Saiyan,Dragon Ball Z
"Broly (LSSJ, suppressed)","30,750,000,000",Movie 8: Broly - The Legendary Super Saiyan,Dragon Ball Z
Gohan,"350,000,000",Movie 8: Broly - The Legendary Super Saiyan,Dragon Ball Z
Goku (MSSJ),"20,000,000,000",Movie 8: Broly - The Legendary Super Saiyan,Dragon Ball Z
Gohan (MSSJ),"17,500,000,000",Movie 8: Broly - The Legendary Super Saiyan,Dragon Ball Z
Trunks (ASSJ),"8,100,000,000",Movie 8: Broly - The Legendary Super Saiyan,Dragon Ball Z
Master Roshi (max power),360,Movie 8: Broly - The Legendary Super Saiyan,Dragon Ball Z
Piccolo (weighted),"14,400,000",Movie 8: Broly - The Legendary Super Saiyan,Dragon Ball Z
Piccolo (full power),"7,200,000,000",Movie 8: Broly - The Legendary Super Saiyan,Dragon Ball Z
Broly (LSSJ),"51,000,000,000",Movie 8: Broly - The Legendary Super Saiyan,Dragon Ball Z
Vegeta (ASSJ),"15,390,000,000",Movie 8: Broly - The Legendary Super Saiyan,Dragon Ball Z
"Goku (MSSJ, Z Fighters energy absorbed)","70,000,000,000",Movie 8: Broly - The Legendary Super Saiyan,Dragon Ball Z
Goku,"400,000,000",OVA: Plan to Eradicate the Super Saiyans,Dragon Ball Z
Gohan,"350,000,000",OVA: Plan to Eradicate the Super Saiyans,Dragon Ball Z
Chi-chi,130,OVA: Plan to Eradicate the Super Saiyans,Dragon Ball Z
Mr. Popo,"1,030",OVA: Plan to Eradicate the Super Saiyans,Dragon Ball Z
Bulma,1.5,OVA: Plan to Eradicate the Super Saiyans,Dragon Ball Z
Piccolo (weighted),"14,400,000",OVA: Plan to Eradicate the Super Saiyans,Dragon Ball Z
Monsters,"300,000,000",OVA: Plan to Eradicate the Super Saiyans,Dragon Ball Z
Goku (MSSJ),"20,000,000,000",OVA: Plan to Eradicate the Super Saiyans,Dragon Ball Z
Gohan (MSSJ),"17,500,000,000",OVA: Plan to Eradicate the Super Saiyans,Dragon Ball Z
Vegeta (ASSJ),"15,390,000,000",OVA: Plan to Eradicate the Super Saiyans,Dragon Ball Z
Future Trunks (ASSJ),"8,100,00,000",OVA: Plan to Eradicate the Super Saiyans,Dragon Ball Z
Piccolo (full power),"7,200,000,000",OVA: Plan to Eradicate the Super Saiyans,Dragon Ball Z
Lord Slug,"150,000,000",OVA: Plan to Eradicate the Super Saiyans,Dragon Ball Z
Turles,"45,00,000",OVA: Plan to Eradicate the Super Saiyans,Dragon Ball Z
Frieza,"120,000,000",OVA: Plan to Eradicate the Super Saiyans,Dragon Ball Z
Cooler,"470,000,000",OVA: Plan to Eradicate the Super Saiyans,Dragon Ball Z
King Kai,"3,500",OVA: Plan to Eradicate the Super Saiyans,Dragon Ball Z
Vegeta,"205,200,000",OVA: Plan to Eradicate the Super Saiyans,Dragon Ball Z
Future Trunks,"108,000,000",OVA: Plan to Eradicate the Super Saiyans,Dragon Ball Z
Hatchiyack,"80,000,000,000",OVA: Plan to Eradicate the Super Saiyans,Dragon Ball Z
Goku's Super Kamehameha,"25,300,000,000",OVA: Plan to Eradicate the Super Saiyans,Dragon Ball Z
Gohan's Super Masenko,"24,000,000,000",OVA: Plan to Eradicate the Super Saiyans,Dragon Ball Z
Vegeta's Final Flash,"14,400,000,000",OVA: Plan to Eradicate the Super Saiyans,Dragon Ball Z
Future Trunks' Burning Attack,"13,800,000,000",OVA: Plan to Eradicate the Super Saiyans,Dragon Ball Z
Piccolo's Special Beam Cannon (remake),"13,500,000,000",OVA: Plan to Eradicate the Super Saiyans,Dragon Ball Z
King Kai,"3,500",Movie 9: Bojack Unbound,Dragon Ball Z
Goku,"400,000,000",Movie 9: Bojack Unbound,Dragon Ball Z
Mr. Satan,40,Movie 9: Bojack Unbound,Dragon Ball Z
Krillin,"500,000",Movie 9: Bojack Unbound,Dragon Ball Z
Chi-chi,130,Movie 9: Bojack Unbound,Dragon Ball Z
Master Roshi,139,Movie 9: Bojack Unbound,Dragon Ball Z
Yamcha,"450,000",Movie 9: Bojack Unbound,Dragon Ball Z
Gohan,"360,000,000",Movie 9: Bojack Unbound,Dragon Ball Z
Tien,"600,000",Movie 9: Bojack Unbound,Dragon Ball Z
"Trunks (supressed, fighting Tien)","1,150,000",Movie 9: Bojack Unbound,Dragon Ball Z
Tien (Spirit Burst),"1,800,000",Movie 9: Bojack Unbound,Dragon Ball Z
Trunks (SSJ),"5,400,000,000",Movie 9: Bojack Unbound,Dragon Ball Z
Vegeta,"205,200,000",Movie 9: Bojack Unbound,Dragon Ball Z
Piccolo (weighted),"14,400,000",Movie 9: Bojack Unbound,Dragon Ball Z
Zangya,"1,310,000,000",Movie 9: Bojack Unbound,Dragon Ball Z
Gohan,"360,000,000",Movie 9: Bojack Unbound,Dragon Ball Z
Trunks,"108,000,000",Movie 9: Bojack Unbound,Dragon Ball Z
Kogu (full power form),"4,000,000,000",Movie 9: Bojack Unbound,Dragon Ball Z
Trunks (SSJ),"5,400,000,000",Movie 9: Bojack Unbound,Dragon Ball Z
Bujin,"1,340,000,000",Movie 9: Bojack Unbound,Dragon Ball Z
Bido,"1,340,000,000",Movie 9: Bojack Unbound,Dragon Ball Z
"Gohan (MSSJ, supressed)","15,000,000,000",Movie 9: Bojack Unbound,Dragon Ball Z
Piccolo (full power),"7,200,000,000",Movie 9: Bojack Unbound,Dragon Ball Z
Bojack,"20,000,000,000",Movie 9: Bojack Unbound,Dragon Ball Z
Trunks (ASSJ),"8,100,000,000",Movie 9: Bojack Unbound,Dragon Ball Z
Vegeta (ASSJ),"15,390,000,000",Movie 9: Bojack Unbound,Dragon Ball Z
Bojack (full power form),"30,000,000,000",Movie 9: Bojack Unbound,Dragon Ball Z
"Gohan (MSSJ, full power)","18,000,000,000",Movie 9: Bojack Unbound,Dragon Ball Z
Goku (punching Bojack),"4,300,000,000",Movie 9: Bojack Unbound,Dragon Ball Z
Gohan (SSJ2),"36,000,000,000",Movie 9: Bojack Unbound,Dragon Ball Z
Videl,5,Movie 10: Broly- The Second Coming,Dragon Ball Z
Trunks,"10,000,000",Movie 10: Broly- The Second Coming,Dragon Ball Z
Goten,"9,800,000",Movie 10: Broly- The Second Coming,Dragon Ball Z
Broly (Zenkai),"500,000,000",Movie 10: Broly- The Second Coming,Dragon Ball Z
Goten (SSJ),"490,000,000",Movie 10: Broly- The Second Coming,Dragon Ball Z
Trunks (SSJ),"500,000,000",Movie 10: Broly- The Second Coming,Dragon Ball Z
Broly (SSJ),"25,000,000,000",Movie 10: Broly- The Second Coming,Dragon Ball Z
Gohan (fighting Broly),"360,000,000",Movie 10: Broly- The Second Coming,Dragon Ball Z
Gohan (SSJ2),"36,000,000,000",Movie 10: Broly- The Second Coming,Dragon Ball Z
Broly (LSSJ),"75,000,000,000",Movie 10: Broly- The Second Coming,Dragon Ball Z
Krillin,"1,000,000",Movie 10: Broly- The Second Coming,Dragon Ball Z
Gohan (MSSJ),"18,000,000,000",Movie 10: Broly- The Second Coming,Dragon Ball Z
Broly's Omega Blaster,"130,000,000,000",Movie 10: Broly- The Second Coming,Dragon Ball Z
Goku,"2,800,000,000",Movie 10: Broly- The Second Coming,Dragon Ball Z
Goku (MSSJ),"140,000,000,000",Movie 10: Broly- The Second Coming,Dragon Ball Z
Family Kamehameha,"300,000,000,000",Movie 10: Broly- The Second Coming,Dragon Ball Z
Mr. Satan,7,Movie 11: Bio-Broly,Dragon Ball Z
Android 18,"8,000,000,000",Movie 11: Bio-Broly,Dragon Ball Z
Krillin,"1,000,000",Movie 11: Bio-Broly,Dragon Ball Z
Goten,"9,800,000",Movie 11: Bio-Broly,Dragon Ball Z
Trunks,"10,000,000",Movie 11: Bio-Broly,Dragon Ball Z
Bio-Broly,"700,000,000",Movie 11: Bio-Broly,Dragon Ball Z
Goten (SSJ),"490,000,000",Movie 11: Bio-Broly,Dragon Ball Z
Trunks (SSJ),"500,000,000",Movie 11: Bio-Broly,Dragon Ball Z
Krillin's Kamehameha,"8,000,000",Movie 11: Bio-Broly,Dragon Ball Z
Goten's Kamehameha,"950,000,000",Movie 11: Bio-Broly,Dragon Ball Z
Trunk's Kamehameha,"980,000,000",Movie 11: Bio-Broly,Dragon Ball Z
Goten's Super Kamehameha,"3,000,000,000",Movie 11: Bio-Broly,Dragon Ball Z
Trunk's Big Tree Cannon,"3,150,000,000",Movie 11: Bio-Broly,Dragon Ball Z
King Yenma,"1,700",Movie 12: Fusion Reborn,Dragon Ball Z
King Kai,"3,500",Movie 12: Fusion Reborn,Dragon Ball Z
Goku,"2,800,000,000",Movie 12: Fusion Reborn,Dragon Ball Z
Pikkon (supressed),"1,600,000,000",Movie 12: Fusion Reborn,Dragon Ball Z
Gohan,"360,000,000",Movie 12: Fusion Reborn,Dragon Ball Z
Goten,"9,800,000",Movie 12: Fusion Reborn,Dragon Ball Z
Videl,5,Movie 12: Fusion Reborn,Dragon Ball Z
Chi-chi,130,Movie 12: Fusion Reborn,Dragon Ball Z
Janemba,"400,000,000,000",Movie 12: Fusion Reborn,Dragon Ball Z
Mr. Satan,6,Movie 12: Fusion Reborn,Dragon Ball Z
Frieza,"140,000,000",Movie 12: Fusion Reborn,Dragon Ball Z
Gohan (fighting Frieza),"360,000,000",Movie 12: Fusion Reborn,Dragon Ball Z
Trunks,"10,000,000",Movie 12: Fusion Reborn,Dragon Ball Z
Pikkon (full power),"40,000,000,000",Movie 12: Fusion Reborn,Dragon Ball Z
Goku (MSSJ),"140,000,000,000",Movie 12: Fusion Reborn,Dragon Ball Z
Goku (SSJ2),"280,000,000,000",Movie 12: Fusion Reborn,Dragon Ball Z
Goku (SSJ3),"1,120,000,000,000",Movie 12: Fusion Reborn,Dragon Ball Z
Goten (SSJ),"490,000,000",Movie 12: Fusion Reborn,Dragon Ball Z
Trunks (SSJ),"500,000,000",Movie 12: Fusion Reborn,Dragon Ball Z
Super Janemba (supressed),"1,500,000,000,000",Movie 12: Fusion Reborn,Dragon Ball Z
Super Janemba (supressed),"3,000,000,000,000",Movie 12: Fusion Reborn,Dragon Ball Z
Super Janemba (supressed),"7,500,000,000,000",Movie 12: Fusion Reborn,Dragon Ball Z
Vegeta (SSJ2),"280,000,000,000",Movie 12: Fusion Reborn,Dragon Ball Z
Vegeta,"2,800,000,000",Movie 12: Fusion Reborn,Dragon Ball Z
Veku,"56,000,000",Movie 12: Fusion Reborn,Dragon Ball Z
Gogeta (MSSJ),"28,000,000,000,000",Movie 12: Fusion Reborn,Dragon Ball Z
Gotenks (SSJ),"99,000,000,000",Movie 12: Fusion Reborn,Dragon Ball Z
Super Janemba (full power),"14,000,000,000,000",Movie 12: Fusion Reborn,Dragon Ball Z
Great Saiyaman,200,Movie 13: Wrath of the Dragon,Dragon Ball Z
Great Saiyawoman,5,Movie 13: Wrath of the Dragon,Dragon Ball Z
Hoi,20,Movie 13: Wrath of the Dragon,Dragon Ball Z
Bulma,1.5,Movie 13: Wrath of the Dragon,Dragon Ball Z
Goku,"2,800,000,000",Movie 13: Wrath of the Dragon,Dragon Ball Z
Goten,"19,600,000",Movie 13: Wrath of the Dragon,Dragon Ball Z
Krillin,"2,000,000",Movie 13: Wrath of the Dragon,Dragon Ball Z
Trunks,"20,000,000",Movie 13: Wrath of the Dragon,Dragon Ball Z
Gohan,"40,000,000,000",Movie 13: Wrath of the Dragon,Dragon Ball Z
Tapion,"3,000,000,000",Movie 13: Wrath of the Dragon,Dragon Ball Z
Master Roshi,139,Movie 13: Wrath of the Dragon,Dragon Ball Z
Hirudegarn (legs),"200,000,000,000",Movie 13: Wrath of the Dragon,Dragon Ball Z
Ultimate Gohan,"4,000,000,000,000",Movie 13: Wrath of the Dragon,Dragon Ball Z
Goku (SSJ2),"280,000,000,000",Movie 13: Wrath of the Dragon,Dragon Ball Z
Goten (SSJ),"980,000,000",Movie 13: Wrath of the Dragon,Dragon Ball Z
Vegeta,"2,800,000,000",Movie 13: Wrath of the Dragon,Dragon Ball Z
Vegeta (SSJ2),"280,000,000,000",Movie 13: Wrath of the Dragon,Dragon Ball Z
Hirudegarn,"1,000,000,000,000",Movie 13: Wrath of the Dragon,Dragon Ball Z
Trunks (SSJ),"200,000,000",Movie 13: Wrath of the Dragon,Dragon Ball Z
Gotenks (SSJ3),"1,584,000,000,000",Movie 13: Wrath of the Dragon,Dragon Ball Z
Hirudegarn (transformed),"2,000,000,000,000",Movie 13: Wrath of the Dragon,Dragon Ball Z
Goku (SSJ3),"1,120,000,000,000",Movie 13: Wrath of the Dragon,Dragon Ball Z
Goku's Super Dragon Fist,"3,500,000,000,000",Movie 13: Wrath of the Dragon,Dragon Ball Z
Bardock (Great Ape),"50,000",Dragon Ball Z: Bardock-Father of Goku,Dragon Ball Z
Tora (Great Ape),"40,000",Dragon Ball Z: Bardock-Father of Goku,Dragon Ball Z
Shugesh (Great Ape),"35,000",Dragon Ball Z: Bardock-Father of Goku,Dragon Ball Z
Borgos (Great Ape),"38,000",Dragon Ball Z: Bardock-Father of Goku,Dragon Ball Z
Fasha (Great Ape),"32,000",Dragon Ball Z: Bardock-Father of Goku,Dragon Ball Z
Bardock,"5,000",Dragon Ball Z: Bardock-Father of Goku,Dragon Ball Z
Tora,"4,000",Dragon Ball Z: Bardock-Father of Goku,Dragon Ball Z
Shugesh,"3,500",Dragon Ball Z: Bardock-Father of Goku,Dragon Ball Z
Borgos,"3,800",Dragon Ball Z: Bardock-Father of Goku,Dragon Ball Z
Fasha,"3,200",Dragon Ball Z: Bardock-Father of Goku,Dragon Ball Z
Toolo,"4,500",Dragon Ball Z: Bardock-Father of Goku,Dragon Ball Z
Saibamen,"1,200",Dragon Ball Z: Bardock-Father of Goku,Dragon Ball Z
Vegeta,"12,000",Dragon Ball Z: Bardock-Father of Goku,Dragon Ball Z
Nappa (calm),"4,000",Dragon Ball Z: Bardock-Father of Goku,Dragon Ball Z
Frieza (calm),"220,000",Dragon Ball Z: Bardock-Father of Goku,Dragon Ball Z
Zarbon,"22,000",Dragon Ball Z: Bardock-Father of Goku,Dragon Ball Z
Dodoria,"21,000",Dragon Ball Z: Bardock-Father of Goku,Dragon Ball Z
Bardock (Zenkai),"10,000",Dragon Ball Z: Bardock-Father of Goku,Dragon Ball Z
Horned gang leader,"7,800",Dragon Ball Z: Bardock-Father of Goku,Dragon Ball Z
Appule look-alike,"5,800",Dragon Ball Z: Bardock-Father of Goku,Dragon Ball Z
Green fish-like soldier,"6,400",Dragon Ball Z: Bardock-Father of Goku,Dragon Ball Z
Frog-like soldier,"6,000",Dragon Ball Z: Bardock-Father of Goku,Dragon Ball Z
Dodoria's mouth blast,"22,500",Dragon Ball Z: Bardock-Father of Goku,Dragon Ball Z
Frieza,"530,000",Dragon Ball Z: Bardock-Father of Goku,Dragon Ball Z
Bardock's Final Spirit Cannon,"24,000",Dragon Ball Z: Bardock-Father of Goku,Dragon Ball Z
Frieza's Supernova,"750,000",Dragon Ball Z: Bardock-Father of Goku,Dragon Ball Z
Gohan (kid),"3,000,000",Dragon Ball Z: History of Trunks,Dragon Ball Z
Krillin,"76,500",Dragon Ball Z: History of Trunks,Dragon Ball Z
Chiaotzu,"25,000",Dragon Ball Z: History of Trunks,Dragon Ball Z
Tien,"86,500",Dragon Ball Z: History of Trunks,Dragon Ball Z
Yamcha,"69,500",Dragon Ball Z: History of Trunks,Dragon Ball Z
Piccolo,"2,400,000",Dragon Ball Z: History of Trunks,Dragon Ball Z
Vegeta,"5,700,000",Dragon Ball Z: History of Trunks,Dragon Ball Z
Chi-chi,130,Dragon Ball Z: History of Trunks,Dragon Ball Z
Goku (at the time of his death),"6,000,000",Dragon Ball Z: History of Trunks,Dragon Ball Z
Goku (SSJ),"300,000,000",Dragon Ball Z: History of Trunks,Dragon Ball Z
Android 18,"5,000,000,000",Dragon Ball Z: History of Trunks,Dragon Ball Z
Android 17,"5,000,000,000",Dragon Ball Z: History of Trunks,Dragon Ball Z
Piccolo,"3,400,000",Dragon Ball Z: History of Trunks,Dragon Ball Z
Vegeta,"6,700,000",Dragon Ball Z: History of Trunks,Dragon Ball Z
Vegeta (SSJ),"335,000,000",Dragon Ball Z: History of Trunks,Dragon Ball Z
Yamcha,"70,000",Dragon Ball Z: History of Trunks,Dragon Ball Z
Tien,"87,000",Dragon Ball Z: History of Trunks,Dragon Ball Z
Krillin,"77,000",Dragon Ball Z: History of Trunks,Dragon Ball Z
Trunks,"800,000",Dragon Ball Z: History of Trunks,Dragon Ball Z
Gohan,"78,000,000",Dragon Ball Z: History of Trunks,Dragon Ball Z
Gohan (SSJ),"3,900,000,000",Dragon Ball Z: History of Trunks,Dragon Ball Z
Android 17 (less than 50%),"4,500,000,000",Dragon Ball Z: History of Trunks,Dragon Ball Z
Android 18,"(supressed, figting Trunks)",Dragon Ball Z: History of Trunks,Dragon Ball Z
Trunks (Zenkai),"1,000,000",Dragon Ball Z: History of Trunks,Dragon Ball Z
Gohan (Zenkai),"80,000,000",Dragon Ball Z: History of Trunks,Dragon Ball Z
Gohan (SSJ),"4,000,000",Dragon Ball Z: History of Trunks,Dragon Ball Z
Gohan (one year of training),"160,000,000",Dragon Ball Z: History of Trunks,Dragon Ball Z
Trunks (one year of training),"2,000,000",Dragon Ball Z: History of Trunks,Dragon Ball Z
Gohan (SSJ),"8,000,000,000",Dragon Ball Z: History of Trunks,Dragon Ball Z
Android 17 (full power),"10,000,000,000",Dragon Ball Z: History of Trunks,Dragon Ball Z
Android 18 (full power),"10,000,000,000",Dragon Ball Z: History of Trunks,Dragon Ball Z
Trunks (SSJ),"100,000,000",Dragon Ball Z: History of Trunks,Dragon Ball Z
Trunks,"6,000,000",Dragon Ball Z: History of Trunks,Dragon Ball Z
Trunks (SSJ),"300,000,000",Dragon Ball Z: History of Trunks,Dragon Ball Z
Pan,"10,000,000",Dragon Ball GT: A Hero's Legacy,Dragon Ball Z
Goku Jr,5 ,Dragon Ball GT: A Hero's Legacy,Dragon Ball Z
Puck,1,Dragon Ball GT: A Hero's Legacy,Dragon Ball Z
Pan (sick),"90,000",Dragon Ball GT: A Hero's Legacy,Dragon Ball Z
Truck Driver,3,Dragon Ball GT: A Hero's Legacy,Dragon Ball Z
Mamba,15,Dragon Ball GT: A Hero's Legacy,Dragon Ball Z
Torga,6,Dragon Ball GT: A Hero's Legacy,Dragon Ball Z
Susha,6,Dragon Ball GT: A Hero's Legacy,Dragon Ball Z
Bear,8,Dragon Ball GT: A Hero's Legacy,Dragon Ball Z
Lord Yao,23,Dragon Ball GT: A Hero's Legacy,Dragon Ball Z
Goku Jr. (SSJ),250,Dragon Ball GT: A Hero's Legacy,Dragon Ball Z
Goku Sr,"100,000,000,000",Dragon Ball GT: A Hero's Legacy,Dragon Ball Z
Pan,"10,000,000",Dragon Ball GT: A Hero's Legacy,Dragon Ball Z
Videl,4.5,Dragon Ball: Yo! Son Goku and His Friends Return ,Dragon Ball Z
Mr. Satan,7,Dragon Ball: Yo! Son Goku and His Friends Return ,Dragon Ball Z
Gohan,"40,000,000,000",Dragon Ball: Yo! Son Goku and His Friends Return ,Dragon Ball Z
Chi-chi,130,Dragon Ball: Yo! Son Goku and His Friends Return ,Dragon Ball Z
Goku,"5,600,000,000",Dragon Ball: Yo! Son Goku and His Friends Return ,Dragon Ball Z
Goten,"39,200,000",Dragon Ball: Yo! Son Goku and His Friends Return ,Dragon Ball Z
Master Roshi,139,Dragon Ball: Yo! Son Goku and His Friends Return ,Dragon Ball Z
Android 18,"8,000,000,000",Dragon Ball: Yo! Son Goku and His Friends Return ,Dragon Ball Z
Krillin,"2,000,000",Dragon Ball: Yo! Son Goku and His Friends Return ,Dragon Ball Z
Yamcha,"1,250,000",Dragon Ball: Yo! Son Goku and His Friends Return ,Dragon Ball Z
Piccolo,"1,440,000,000",Dragon Ball: Yo! Son Goku and His Friends Return ,Dragon Ball Z
Vegeta,"5,600,000,000",Dragon Ball: Yo! Son Goku and His Friends Return ,Dragon Ball Z
Trunks,"40,000,000",Dragon Ball: Yo! Son Goku and His Friends Return ,Dragon Ball Z
Bulma,1.5,Dragon Ball: Yo! Son Goku and His Friends Return ,Dragon Ball Z
Tien,"2,560,000",Dragon Ball: Yo! Son Goku and His Friends Return ,Dragon Ball Z
Chiaotzu,"290,000",Dragon Ball: Yo! Son Goku and His Friends Return ,Dragon Ball Z
Dende,8,Dragon Ball: Yo! Son Goku and His Friends Return ,Dragon Ball Z
Yajirobe,"3,000",Dragon Ball: Yo! Son Goku and His Friends Return ,Dragon Ball Z
King Kai,"3,500",Dragon Ball: Yo! Son Goku and His Friends Return ,Dragon Ball Z
Old Kai,"1,500,000",Dragon Ball: Yo! Son Goku and His Friends Return ,Dragon Ball Z
Kibito Kai,"120,000,000,000",Dragon Ball: Yo! Son Goku and His Friends Return ,Dragon Ball Z
Tarble,750,Dragon Ball: Yo! Son Goku and His Friends Return ,Dragon Ball Z
Gure,4,Dragon Ball: Yo! Son Goku and His Friends Return ,Dragon Ball Z
Goku (on Tarble's scouter),5,Dragon Ball: Yo! Son Goku and His Friends Return ,Dragon Ball Z
Goku (MSSJ),"280,000,000,000",Dragon Ball: Yo! Son Goku and His Friends Return ,Dragon Ball Z
Abo,"120,000,000",Dragon Ball: Yo! Son Goku and His Friends Return ,Dragon Ball Z
Kado,"120,000,000",Dragon Ball: Yo! Son Goku and His Friends Return ,Dragon Ball Z
Goten,"39,200,000",Dragon Ball: Yo! Son Goku and His Friends Return ,Dragon Ball Z
Trunks,"40,000,000",Dragon Ball: Yo! Son Goku and His Friends Return ,Dragon Ball Z
Aka,"24,000,000,000",Dragon Ball: Yo! Son Goku and His Friends Return ,Dragon Ball Z
Goten (SSJ),"1,960,000,000",Dragon Ball: Yo! Son Goku and His Friends Return ,Dragon Ball Z
Trunks (SSJ),"2,000,000,000",Dragon Ball: Yo! Son Goku and His Friends Return ,Dragon Ball Z
Fat Gotenks,"792,000",Dragon Ball: Yo! Son Goku and His Friends Return ,Dragon Ball Z
Gotenks,"7,920,000,000",Dragon Ball: Yo! Son Goku and His Friends Return ,Dragon Ball Z
Gotenks (MSSJ),"396,000,000,000",Dragon Ball: Yo! Son Goku and His Friends Return ,Dragon Ball Z
Aka (full power),"48,000,000",Dragon Ball: Yo! Son Goku and His Friends Return ,Dragon Ball Z
Goku (MSSJ),"280,000,000,000",Dragon Ball: Yo! Son Goku and His Friends Return ,Dragon Ball Z
Vegeta (MSSJ),"280,000,000,000",Dragon Ball: Yo! Son Goku and His Friends Return ,Dragon Ball Z
Bardock,"10,000",Dragon Ball: Episode of Bardock,Dragon Ball Z
Frieza,"530,000",Dragon Ball: Episode of Bardock,Dragon Ball Z
Zarbon,"22,000",Dragon Ball: Episode of Bardock,Dragon Ball Z
Dodoria,"21,000",Dragon Ball: Episode of Bardock,Dragon Ball Z
Bardock's Final Spirit Cannon,"24,000",Dragon Ball: Episode of Bardock,Dragon Ball Z
Frieza's Supernova,"750,000",Dragon Ball: Episode of Bardock,Dragon Ball Z
Bardock (Zenkai),"50,000",Dragon Ball: Episode of Bardock,Dragon Ball Z
Toobi,"20,000",Dragon Ball: Episode of Bardock,Dragon Ball Z
Cabira,"21,000",Dragon Ball: Episode of Bardock,Dragon Ball Z
Chilled (calm),"680,000",Dragon Ball: Episode of Bardock,Dragon Ball Z
Chilled (full power),"1,120,000",Dragon Ball: Episode of Bardock,Dragon Ball Z
Bardock (SSJ),"2,500,000",Dragon Ball: Episode of Bardock,Dragon Ball Z
Chilled's Death Ball,"8,000,000",Dragon Ball: Episode of Bardock,Dragon Ball Z
Bardock's Final Spirit Cannon,"13,000,000",Dragon Ball: Episode of Bardock,Dragon Ball Z
King Kai,"3,500",Movie 14: Battle of Gods,Dragon Ball Z
Old Kai,"1,500,000",Movie 14: Battle of Gods,Dragon Ball Z
Kibito Kai,"120,000,000,000",Movie 14: Battle of Gods,Dragon Ball Z
Goku,"11,200,000,000",Movie 14: Battle of Gods,Dragon Ball Z
Beerus,"18,000,000,000,000",Movie 14: Battle of Gods,Dragon Ball Z
Whis,"21,000,000,000,000",Movie 14: Battle of Gods,Dragon Ball Z
Bulma,1.5,Movie 14: Battle of Gods,Dragon Ball Z
Vegeta,"11,200,000,000",Movie 14: Battle of Gods,Dragon Ball Z
Goku (MSSJ),"560,000,000,000",Movie 14: Battle of Gods,Dragon Ball Z
Goku (SSJ2),"1,120,000,000,000",Movie 14: Battle of Gods,Dragon Ball Z
Goku (SSJ3),"4,480,000,000,000",Movie 14: Battle of Gods,Dragon Ball Z
Master Roshi,139,Movie 14: Battle of Gods,Dragon Ball Z
Piccolo,"72,000,000,000",Movie 14: Battle of Gods,Dragon Ball Z
Android 18,"8,000,000,000",Movie 14: Battle of Gods,Dragon Ball Z
Krillin,"4,000,000",Movie 14: Battle of Gods,Dragon Ball Z
Yamcha,"2,000,000",Movie 14: Battle of Gods,Dragon Ball Z
Tien,"5,000,000",Movie 14: Battle of Gods,Dragon Ball Z
Trunks,"80,00,000",Movie 14: Battle of Gods,Dragon Ball Z
Goten,"78,400,000",Movie 14: Battle of Gods,Dragon Ball Z
Videl,5,Movie 14: Battle of Gods,Dragon Ball Z
Good Buu,"400,000,000,000",Movie 14: Battle of Gods,Dragon Ball Z
Gohan,"40,000,000,000",Movie 14: Battle of Gods,Dragon Ball Z
Ultimate Gohan,"4,000,000,000,000",Movie 14: Battle of Gods,Dragon Ball Z
Gotenks,"15,840,000,000",Movie 14: Battle of Gods,Dragon Ball Z
Gotenks (MSSJ),"792,000,000,000",Movie 14: Battle of Gods,Dragon Ball Z
Vegeta (SSJ2),"1,120,000,000,000",Movie 14: Battle of Gods,Dragon Ball Z
"Vegeta (SSJ2, angry)","8,960,000,000,000",Movie 14: Battle of Gods,Dragon Ball Z
Vegeta,"22,400,000,000",Movie 14: Battle of Gods,Dragon Ball Z
Goten (MSSJ),"3,920,000,000",Movie 14: Battle of Gods,Dragon Ball Z
Trunks (MSSJ),"4,000,000,000",Movie 14: Battle of Gods,Dragon Ball Z
Gohan (SSJ2),"4,000,000,000,000",Movie 14: Battle of Gods,Dragon Ball Z
"Goku (MSSJ, energy gathered)","2,000,000,000,000",Movie 14: Battle of Gods,Dragon Ball Z
"Goku (SSJG, 80%)","195,000,000,000,000",Movie 14: Battle of Gods,Dragon Ball Z
Beerus,"200,000,000,000,000",Movie 14: Battle of Gods,Dragon Ball Z
"Goku (SSJG, full power)","224,000,000,000,000",Movie 14: Battle of Gods,Dragon Ball Z
Beerus (70%),"640,000,000,000,000",Movie 14: Battle of Gods,Dragon Ball Z
Goku (base with SSJG power),"448,000,000,000",Movie 14: Battle of Gods,Dragon Ball Z
Goku (MSSJ with SSJG's power),"22,400,000,000,000",Movie 14: Battle of Gods,Dragon Ball Z
Goku (SSJG),"224,000,000,000,000",Movie 14: Battle of Gods,Dragon Ball Z
Goku,"44,800,000,000",Movie 14: Battle of Gods,Dragon Ball Z
"Beerus (full power, never shown)","896,000,000,000,000",Movie 14: Battle of Gods,Dragon Ball Z
"Whis (full power, never shown)","4,480,000,000,000,000",Movie 14: Battle of Gods,Dragon Ball Z
